,input_ids,attention_mask
0,"[  101  1037  3722  5009  2000  2715  6236 18444  2035  2017  2342  2000
  2113  2055  7248  1010  7705  2015  1010 17928  2015  1998  2062  6236
  3406 27896  1012  4012 10880  1997  8417  1037  3722  5009  2000  2715
  6236 18444  1015  1012  4824  2715  6236 18444  1017  2339  4083  1996
 17002  2080  7545  2449  3463  1999  2715  6236  1998  3458  1012  1016
  1012  1037 20057 12326  1997  6627  3408  1018  4553  6827  2974  3408
  1999  2019  3733  1011  2000  1011  3305  6123  1012  1017  1012  2054
  2003  1037  4132  1029  1019  7523  2129  1037  4132  2003  4225  1010
  1996  5966  2090  7842  3022  5443  1012  6643  3022  1998  2006  1011
 18458  1998  6112  1010  2004  2092  2004  1996  4127  1997  7248  1999
  3617  6236  1012  1018  1012  2054  2003  1037  7705  1029  2340 17183
 27268  8757  2054  1037  7705  2003  1010  1998 21032  2009  2114  4730
  4155  1010  4007  1010 17371  5705  1010  8860  1998  6994 23615  2015
  1012  1019  1012  2054  2003  2019 17928  1029  2403  1037  2784 11529
  2046 17928  2015  1010 10629  4160  2140  1010 12702  8043  7903  2229
  1516  1998  2129  2027  3853  1999  1996  6236  2088  1012  1020  1012
  2715  6236  4627  2007 24532  2459  2035  2017  2342  2000  2113  2055
 24532  1010  1996 10318  4294  2008 12939  4012  6873 19150  6236  2007
  6236  3406 27896  1012  1021  1012 27068  5649  2539  7065 17417  2102
  1996  5925  2015  1997  3617  6236  1012  1037  3722  5009  2000  2715
  6236 18444  2538  1012  4824  2715  6236 18444  2043 11131  3617  6236
  7300  2800  1999  1996  3006  1010  2009  1521  1055  2025  2467  3154
  2029 10318  2974  9991  6236 17088  2024  2241  2006  1012  2070  2024
  2649  2004  1037  7705  1010  2500  2004  1037  4132  1010  2664  2500
  2024 17928  1011  2241  1012  2045  1521  1055  1037  2307  3066  1997
  6724  2043  2667  2000  9231  2091  2054  1521  1055  2054  1516  1998
  2008  4012 24759 24695  2015   102     0     0     0     0     0     0
     0     0     0     0     0     0     0     0     0     0     0     0
     0     0     0     0     0     0     0     0     0     0     0     0
     0     0     0     0     0     0     0     0     0     0     0     0
     0     0     0     0     0     0     0     0     0     0     0     0
     0     0     0     0     0     0     0     0     0     0     0     0
     0     0     0     0     0     0     0     0     0     0     0     0
     0     0     0     0     0     0     0     0     0     0     0     0
     0     0     0     0     0     0     0     0     0     0     0     0
     0     0     0     0     0     0     0     0     0     0     0     0
     0     0     0     0     0     0     0     0     0     0     0     0
     0     0     0     0     0     0     0     0     0     0     0     0
     0     0     0     0     0     0     0     0     0     0     0     0
     0     0     0     0     0     0     0     0     0     0     0     0
     0     0     0     0     0     0     0     0     0     0     0     0
     0     0     0     0     0     0     0     0     0     0     0     0
     0     0     0     0     0     0     0     0]","[1 1 1 1 1 1 1 1 1 1 1 1 1 1 1 1 1 1 1 1 1 1 1 1 1 1 1 1 1 1 1 1 1 1 1 1 1
 1 1 1 1 1 1 1 1 1 1 1 1 1 1 1 1 1 1 1 1 1 1 1 1 1 1 1 1 1 1 1 1 1 1 1 1 1
 1 1 1 1 1 1 1 1 1 1 1 1 1 1 1 1 1 1 1 1 1 1 1 1 1 1 1 1 1 1 1 1 1 1 1 1 1
 1 1 1 1 1 1 1 1 1 1 1 1 1 1 1 1 1 1 1 1 1 1 1 1 1 1 1 1 1 1 1 1 1 1 1 1 1
 1 1 1 1 1 1 1 1 1 1 1 1 1 1 1 1 1 1 1 1 1 1 1 1 1 1 1 1 1 1 1 1 1 1 1 1 1
 1 1 1 1 1 1 1 1 1 1 1 1 1 1 1 1 1 1 1 1 1 1 1 1 1 1 1 1 1 1 1 1 1 1 1 1 1
 1 1 1 1 1 1 1 1 1 1 1 1 1 1 1 1 1 1 1 1 1 1 1 1 1 1 1 1 1 1 1 1 1 1 1 1 1
 1 1 1 1 1 1 1 1 1 1 1 1 1 1 1 1 1 1 1 1 1 1 1 1 1 1 1 1 1 1 1 1 1 1 1 1 1
 1 1 1 1 1 1 1 1 1 1 1 1 1 1 1 1 1 1 1 1 1 1 0 0 0 0 0 0 0 0 0 0 0 0 0 0 0
 0 0 0 0 0 0 0 0 0 0 0 0 0 0 0 0 0 0 0 0 0 0 0 0 0 0 0 0 0 0 0 0 0 0 0 0 0
 0 0 0 0 0 0 0 0 0 0 0 0 0 0 0 0 0 0 0 0 0 0 0 0 0 0 0 0 0 0 0 0 0 0 0 0 0
 0 0 0 0 0 0 0 0 0 0 0 0 0 0 0 0 0 0 0 0 0 0 0 0 0 0 0 0 0 0 0 0 0 0 0 0 0
 0 0 0 0 0 0 0 0 0 0 0 0 0 0 0 0 0 0 0 0 0 0 0 0 0 0 0 0 0 0 0 0 0 0 0 0 0
 0 0 0 0 0 0 0 0 0 0 0 0 0 0 0 0 0 0 0 0 0 0 0 0 0 0 0 0 0 0 0]"
1,"[  101  1037  3722  5009  2000  2715  6236 18444  2538  1012  4824  2715
  6236 18444  2043 11131  3617  6236  7300  2800  1999  1996  3006  1010
  2009  1521  1055  2025  2467  3154  2029 10318  2974  9991  6236 17088
  2024  2241  2006  1012  2070  2024  2649  2004  1037  7705  1010  2500
  2004  1037  4132  1010  2664  2500  2024 17928  1011  2241  1012  2045
  1521  1055  1037  2307  3066  1997  6724  2043  2667  2000  9231  2091
  2054  1521  1055  2054  1516  1998  2008  4012 24759 24695  2015  1996
  4989  2832  2005  2449  1998  4087  4177  1012  1996  2034  3357  1999
  2023  4990  2003  2000  2468 19056  2007  4703  3855  3408  1999  6236
  2974  1012  2023  5009  8704  2000  4895 23947  1996  4489  2090  1037
  4132  1998  1037  7705  1010  9375  2054 17928  2015  2024  1010  1998
 25037  1996 17002  2080  2005  2715  6236  1521  1055 10318  6786  1012
  1037  3722  5009  2000  2715  6236 18444  3590  1012  1037 20057 12326
  1997  6627  3408  2077  8660  2046 15182  1010  2292  1521  1055 28866
  2006  2019 10126 11967  1999  1996  2166  1997  1037  9722  1012  1037
  9722  2038  2000  3857  2019 17338 15810  3401  4037  1012  2034  1010
  1996  9722  3791  1037  4132  2008  3640  1996  8051  1998  1996  4007
  5906  3223  2000  3857  1998  2448  2019  4646  2802  2049  2166 23490
  1012  2012  1996  2168  2051  1010  1996  9722  3791  1037  7705  1012
  1999  3722  2616  1010  1037  7705  4490  2004  1037 13526  1999  2151
  4646  1012  1037  4007  7705  3640  1037  3115  2126  2000  3857  1998
 21296  5097  1010  2061  1996  9722  2987  1521  1056  2031  2000  2707
  2013 11969  1012  1037  4132 16473  2006  1996 13526  1997  1996  7705
  1012  1996  5025  2147  1516  7176  1996 14981  1516  2003  2589  2011
  1996  4646  1012  4132 11670  4050  3749  4007  9722 18628  1006 17371
  5705  1007  2517  1999  2536  4730  4155  2000  3857  2019  4646  2007
  7496  1012  2019 17371  2243  2788  3397  1037  2275  1997  4280  1010
 16548  2005  2139  8569 12588  1010  8860  1998  7099  3642  2000  2191
  8346  5514  1998  6082  1012  2096  4526  1996  2392 10497  1006  1996
  8013  1011  5307 17338 15810  3401  4037  1007  1010  1996  9722  2038
  2000  7532  2009  2000  1037  2067 10497  1006  1996  2951  3229  6741
  2008  4324  3688  1010  4449  1998  8013  2592  1007  1012  2045  2024
  2048  3971  6236  7248  3288  2392 10497  2015  1998  2067 10497  2015
  2362  2008  7461  1996 17338 15810  3401  4037  1998  5310  3325  2836
  1024 18847 28508  2030  2132  3238  7248  1012 18847 28508  7248  6133
  2067 10497  2015  1998  2392 10497  2015  2004  7371 11211  3001  1012
  2096  1996  9722  2064  2855 21296  3784  5324  1516 12167  2007  1037
 23561  1011  2066  2298  1998  2514  1516  2122 18847 28508  7248  3768
  1996 16991  1998  3177  2005  2022 13102 11045  5918  1012  2132  3238
  7248 21933  6279  2571  1996  2392 10497  1998  2067 10497  1010 12067
  4807  2090  2068  3081  4646  4730 19706  1006 17928  2015  1007  1012
  2007  1037  2132  3238  4132  1010  1996  9722  2064  4089  3443  2047
  5617  1010  4685  1057  2595  3431  1998   102]","[1 1 1 1 1 1 1 1 1 1 1 1 1 1 1 1 1 1 1 1 1 1 1 1 1 1 1 1 1 1 1 1 1 1 1 1 1
 1 1 1 1 1 1 1 1 1 1 1 1 1 1 1 1 1 1 1 1 1 1 1 1 1 1 1 1 1 1 1 1 1 1 1 1 1
 1 1 1 1 1 1 1 1 1 1 1 1 1 1 1 1 1 1 1 1 1 1 1 1 1 1 1 1 1 1 1 1 1 1 1 1 1
 1 1 1 1 1 1 1 1 1 1 1 1 1 1 1 1 1 1 1 1 1 1 1 1 1 1 1 1 1 1 1 1 1 1 1 1 1
 1 1 1 1 1 1 1 1 1 1 1 1 1 1 1 1 1 1 1 1 1 1 1 1 1 1 1 1 1 1 1 1 1 1 1 1 1
 1 1 1 1 1 1 1 1 1 1 1 1 1 1 1 1 1 1 1 1 1 1 1 1 1 1 1 1 1 1 1 1 1 1 1 1 1
 1 1 1 1 1 1 1 1 1 1 1 1 1 1 1 1 1 1 1 1 1 1 1 1 1 1 1 1 1 1 1 1 1 1 1 1 1
 1 1 1 1 1 1 1 1 1 1 1 1 1 1 1 1 1 1 1 1 1 1 1 1 1 1 1 1 1 1 1 1 1 1 1 1 1
 1 1 1 1 1 1 1 1 1 1 1 1 1 1 1 1 1 1 1 1 1 1 1 1 1 1 1 1 1 1 1 1 1 1 1 1 1
 1 1 1 1 1 1 1 1 1 1 1 1 1 1 1 1 1 1 1 1 1 1 1 1 1 1 1 1 1 1 1 1 1 1 1 1 1
 1 1 1 1 1 1 1 1 1 1 1 1 1 1 1 1 1 1 1 1 1 1 1 1 1 1 1 1 1 1 1 1 1 1 1 1 1
 1 1 1 1 1 1 1 1 1 1 1 1 1 1 1 1 1 1 1 1 1 1 1 1 1 1 1 1 1 1 1 1 1 1 1 1 1
 1 1 1 1 1 1 1 1 1 1 1 1 1 1 1 1 1 1 1 1 1 1 1 1 1 1 1 1 1 1 1 1 1 1 1 1 1
 1 1 1 1 1 1 1 1 1 1 1 1 1 1 1 1 1 1 1 1 1 1 1 1 1 1 1 1 1 1 1]"
2,"[  101  1998  7601  7103  2618  5901  1012  2715  7248  1010 17338 15810
  3401  1998  4728  1010  7065  4747  3726  2105  7842  3022  1006  4007
  1011  2004  1011  1037  1011  2326  1007  1998  6643  3022  1006  4132
  1011  2004  1011  1037  1011  2326  1007  1012  7842  3022  6643  3022
  1528  3640  1037  3201  1011  2000  1011  2224  1010  2041  1011  1997
  1011  1996  1011  3482  5576  2005  2115  2449  3791  4498  3266  2011
  1037 21431  1998 11570  3081  1037  4773 16602  1012  1528  1996 21431
  7711  1996  2972  9991  1006  2392 10497  1998  2067 10497  1007  1012
  1528  5661 12530  2006  1996 10802  2000  5587 14305  1998  5335  2838
  1998  8346  7047  1012  1528  3640  1037  4132  2000  3857  1010 21296
  1010 22806  1998  6133  2049  4007  3688  1012  1528  7812  2005  3934
  2008  5478  1037  2152  3014  1997  7661  3989  1998  8346 16991  1012
  1528  2053  6537  2000  7661  3989  2030  8346  1012  1528  2788 17928
  1011  2241  3001  1012  5661  2064  2224  7842  3022  1998  6643  3022
  1999  5257  1012  1999 17338 15810  3401  1010  2017  2052  5454  1037
  7842  3022  5576  2005  2115  3784  3573  1998  7949  2009  2007  7661
 14305  1010  2107  2004  9262  3642  1012  1996  9262  3642  2052  2022
  2081  2800  3081  1037  6643  3022  1012  1996  2168  2052  2022  9530
  3401 11444  3468  2005  3176  7809  2578  2008  2175  3458  1996 15380
  3253  2011  1996  7842  3022  5378  1012  1037  3722  5009  2000  2715
  6236 18444  1019 20464 19224  9798 10813  4275  1024  2006  1011 18458
  6431  6112  1037  4132  2064  2022  4354  2006  1011 18458  1010  2478
  1996  2270  6112  2030  1037  8893  2944  1012  1996  8050  4489  2090
  6112  1998  2006  1011 18458  4007  2003  2073  2009 11665  1012  2006
  1011 18458  6112  1528  5361  7246  2006  1037  2449  1521  7588  1998
 14903  1010  4363  1996  2009  6502  2006  1011  2609  1012  1528  1996
  2194  9020  1996  2009  6502  2011  2993  2030  2083  1037  2353  2283
  1010  7079  2005  9798  2373  1998  2383  3143  2491  2058  2049  2951
  1012  1528  1999  2804  2000  2152  4082  5366  1010  2006  1011 18458
 14111  2024  2524  2000  4094  1010  2926  1999  1996  6236  4044  1010
  2073  2045  2089  2022 11373  1999  4026  1999  1037  2460  2051 15643
  1012  1528  4354  2006  1037 21431  1521  1055  8241  2107  2004  8224
  6112  4132  1006  1043 21906  1007  1010  9733  4773  2578  1006 22091
  2015  1007  2030  7513 24296  1012  1528  3445 15258  1010 26743  8553
  1998  2836  2083  5500  2951  6401  1012  1528  5301  2417 18426  9407
  2114  2091  7292  1998  2488  3433  2335  2144  5310 11186  2024  2856
  2000  1996 20969  7541  8241  1012  1528  5500  9859  2552  2004  1037
  3808  7337  2114 17857  1010  2040  2064  1521  1056  4089 12014  2019
  2972  2291  2065  2027  5114  3229  2000  2028  6922  1012  2004  2270
  6112  6502  3632  1010  2017  2064  3962  2048  3278  5966  1024  2006
  1996  6112  1999  1996  6112  1528  2043  1037  4132  2003  4354  2306
  1037  7484  4044  1006  1058  2213  1007  2006  1996  6112  1012  1528
  2096  2023  4107  2019  5301  3177  1998   102]","[1 1 1 1 1 1 1 1 1 1 1 1 1 1 1 1 1 1 1 1 1 1 1 1 1 1 1 1 1 1 1 1 1 1 1 1 1
 1 1 1 1 1 1 1 1 1 1 1 1 1 1 1 1 1 1 1 1 1 1 1 1 1 1 1 1 1 1 1 1 1 1 1 1 1
 1 1 1 1 1 1 1 1 1 1 1 1 1 1 1 1 1 1 1 1 1 1 1 1 1 1 1 1 1 1 1 1 1 1 1 1 1
 1 1 1 1 1 1 1 1 1 1 1 1 1 1 1 1 1 1 1 1 1 1 1 1 1 1 1 1 1 1 1 1 1 1 1 1 1
 1 1 1 1 1 1 1 1 1 1 1 1 1 1 1 1 1 1 1 1 1 1 1 1 1 1 1 1 1 1 1 1 1 1 1 1 1
 1 1 1 1 1 1 1 1 1 1 1 1 1 1 1 1 1 1 1 1 1 1 1 1 1 1 1 1 1 1 1 1 1 1 1 1 1
 1 1 1 1 1 1 1 1 1 1 1 1 1 1 1 1 1 1 1 1 1 1 1 1 1 1 1 1 1 1 1 1 1 1 1 1 1
 1 1 1 1 1 1 1 1 1 1 1 1 1 1 1 1 1 1 1 1 1 1 1 1 1 1 1 1 1 1 1 1 1 1 1 1 1
 1 1 1 1 1 1 1 1 1 1 1 1 1 1 1 1 1 1 1 1 1 1 1 1 1 1 1 1 1 1 1 1 1 1 1 1 1
 1 1 1 1 1 1 1 1 1 1 1 1 1 1 1 1 1 1 1 1 1 1 1 1 1 1 1 1 1 1 1 1 1 1 1 1 1
 1 1 1 1 1 1 1 1 1 1 1 1 1 1 1 1 1 1 1 1 1 1 1 1 1 1 1 1 1 1 1 1 1 1 1 1 1
 1 1 1 1 1 1 1 1 1 1 1 1 1 1 1 1 1 1 1 1 1 1 1 1 1 1 1 1 1 1 1 1 1 1 1 1 1
 1 1 1 1 1 1 1 1 1 1 1 1 1 1 1 1 1 1 1 1 1 1 1 1 1 1 1 1 1 1 1 1 1 1 1 1 1
 1 1 1 1 1 1 1 1 1 1 1 1 1 1 1 1 1 1 1 1 1 1 1 1 1 1 1 1 1 1 1]"
3,"[  101  2007  2367  3316 13912  2536  8158  1012  2008  2965  2770  5366
  2024  4207  1998  2864  2011  8519  1010  2061  2017  2123  1521  1056
  2342  2000  4737  2055  6032  1010 18739  2030  3176  9883  1012  4800
  1011 16713  3001  2123  1521  1056  5478  1996  9347  2075  1997  4056
 10058  2593  1012  2392 10497  6431  2067 10497  1996  2392 10497  1998
  2067 10497  2024  9897  3033  1997  6236  4007  1012  2096  1996  2392
 10497  2003  2055  1996  8013  1011  5307  8312  6741  1006  9875  1996
  1523  2132  1524  2030  3325  1007  1010  1996  2067 10497  2003  1996
  2951  3229  6741  1010  2073  2951  2107  2004  7597  1010 15365  1010
  4031  4871  1010  2344  4751  1998 29362  2024  8250  1012  1999  2460
  1010  1996  2392 10497 11859  2129  1996  3784  6023  3325  5683  1010
  1998  1996  2067 10497 11859  2129  2009  4972  1012  1999  6123  1024
  7248  1999  3617  6236 11721  5339  3678 11859  1996  3617  6236  4132
  2004  1523  1996  4563  2974  2008 12939  6304  2000  5309  5350  1998
  2578  2083  2019  9123  1998  2969  1011  2326  3325  1012  1996  4132
  3640  4072  2592  2005  6304  2000  2191  2037  9343  6567  1010  1998
  3594  3513  1998  2951  2000  2556  3929 21125  4449  2005  7909  1012
  1996  4132  2442  2031  2041  1011  1997  1011  1996  1011  3482  1006
  1051  4140  2497  1007 10673  2030  1996 17928  2015  2000  2490  1037
  2969  1011  2326  1010  9123  6236  3325  1012  1524  1037  3722  5009
  2000  2715  6236 18444  1021 11493  3401  1996  2220  8876  1010  6236
  6786  2031  4320  3365  8144  5975  1012  2651  1005  1055  3617  8894
  9909  3278  3778  2006  9639  2000  2689  2012  1037  5514  6393  2084
  2412  2077  1012  2004  4453  2011 11721  5339  3678  1010  2045  2024
  2048  2522  1011  4493  9199  1997  6236  6786  1024  1528  8027  1010
 18847 28508  7248  2008  3073  2041  1011  1997  1011  1996  1011  3482
  1006  1051  4140  2497  1007 10673  1012  1528 19160  1010  4012  6873
 19150  1010 17928  1011  2241  3617  6236  7300  2241  2006  2241  2006
  2132  3238  1998 12702  8043  7903  2229  4294  1012  1996  2364  4489
  2090  1996  2048  2003  2129  2027  7532  1996  2392 10497  1998  2067
 10497  1024 18847 28508  7248  2036  2124  2004  4007 19796  1010  8027
  7248  2030  2701  7842  3022  3001  1010 18847 28508  7248  3288  1996
  2392 10497  1998  2067 10497  2362  2046  7371 11211  3001  1012  2012
  1037  6054  1024  1528  3431  1999  1996  2392 10497  7461  1996  2067
 10497  1010  1998  3580  1011 18601  1012  1528  4972  2107  2004 20874
  1998  4449  2024  1999  1996  2168  3642  1011  2918  1998  7333  2004
  1037  2309  1010  2312  4646  1012  1528  2041  1011  1997  1011  1996
  1011  3482  1010  3201  1011  2081  1010 23561  1011  2066  5576  5260
  2000  3768  7393  3334  6322  1012  1528 21431  5843  1011  1999  1012
  1037  3722  5009  2000  2715  6236 18444  1022  4974  3238  7248  2036
  2124  2004  3653  1011  6377  2030 17928  1011  2241  7248  1010  1037
  2132  3238  5576 21933  6279  4244  1996  2392 10497  1998  2067 10497
  1012  2012  1037  6054  1024  1528  2081   102]","[1 1 1 1 1 1 1 1 1 1 1 1 1 1 1 1 1 1 1 1 1 1 1 1 1 1 1 1 1 1 1 1 1 1 1 1 1
 1 1 1 1 1 1 1 1 1 1 1 1 1 1 1 1 1 1 1 1 1 1 1 1 1 1 1 1 1 1 1 1 1 1 1 1 1
 1 1 1 1 1 1 1 1 1 1 1 1 1 1 1 1 1 1 1 1 1 1 1 1 1 1 1 1 1 1 1 1 1 1 1 1 1
 1 1 1 1 1 1 1 1 1 1 1 1 1 1 1 1 1 1 1 1 1 1 1 1 1 1 1 1 1 1 1 1 1 1 1 1 1
 1 1 1 1 1 1 1 1 1 1 1 1 1 1 1 1 1 1 1 1 1 1 1 1 1 1 1 1 1 1 1 1 1 1 1 1 1
 1 1 1 1 1 1 1 1 1 1 1 1 1 1 1 1 1 1 1 1 1 1 1 1 1 1 1 1 1 1 1 1 1 1 1 1 1
 1 1 1 1 1 1 1 1 1 1 1 1 1 1 1 1 1 1 1 1 1 1 1 1 1 1 1 1 1 1 1 1 1 1 1 1 1
 1 1 1 1 1 1 1 1 1 1 1 1 1 1 1 1 1 1 1 1 1 1 1 1 1 1 1 1 1 1 1 1 1 1 1 1 1
 1 1 1 1 1 1 1 1 1 1 1 1 1 1 1 1 1 1 1 1 1 1 1 1 1 1 1 1 1 1 1 1 1 1 1 1 1
 1 1 1 1 1 1 1 1 1 1 1 1 1 1 1 1 1 1 1 1 1 1 1 1 1 1 1 1 1 1 1 1 1 1 1 1 1
 1 1 1 1 1 1 1 1 1 1 1 1 1 1 1 1 1 1 1 1 1 1 1 1 1 1 1 1 1 1 1 1 1 1 1 1 1
 1 1 1 1 1 1 1 1 1 1 1 1 1 1 1 1 1 1 1 1 1 1 1 1 1 1 1 1 1 1 1 1 1 1 1 1 1
 1 1 1 1 1 1 1 1 1 1 1 1 1 1 1 1 1 1 1 1 1 1 1 1 1 1 1 1 1 1 1 1 1 1 1 1 1
 1 1 1 1 1 1 1 1 1 1 1 1 1 1 1 1 1 1 1 1 1 1 1 1 1 1 1 1 1 1 1]"
4,"[  101  8312  6741  1007  1998  1996  2067 10497  1006  2951  3229  6741
  1007  1012  6236  7248 11234  1999  2129  2392 10497  2015  1998  2067
 10497  2015  2024  4198  1012  1528  3151  6236  7248  1010  2036  2124
  2004 18847 15909  7898  1010  3288  1996  2392 10497  1998  2067 10497
  2046  7371 11211  3001  1012  2096  2027  2020 13200  5109  3283  1010
  2037  4294  2987  1521  1056  4089  3499  2005  7661 22318  1010  4654
 25808 13464  1998  2060  4187  5918  1997  2651  1521  1055  6236  1012
  1528  2132  3238  6236  7248 21933  6279  2571  1996  2392 10497  1998
  2067 10497  1010 12067  3316  2000  2713  2047  4972  1010 14409  1998
 14305  2012  2152 10146  1012  2392 10497  2015  1998  2067 10497  2015
 10639  3081 12604  7934 17928  2015  1010 12067  3316  2000  2994  3805
  1997  1996  7774  1012  1037  3722  5009  2000  2715  6236 18444  9645
  1012  2054  2003  1037  7705  1029  1037  4007  7705  2003  1037 13526
  2008  2950  3653 13462  5906  1010  8860  1010  4007  2458 18628  1006
 17371  5705  1007  1998  2060  6177  1012  5136  1037  7705  2004  1037
 16367 23561  2007  6177  2008  2421  3115 23563  8518  2005  1037  3563
  4730  2622  1010  9268 14203  1998  4895 16748  8082  5697  6198  1012
  1996  4306  9866  1997  2330  1011  3120  7705  2015  2000  3437  9797
  1521  3980  2036 13169  2051  1012  2074  2066  4730  4155  1010  1037
  7705  4240  3563  5682  1025  2070  2097  2022  2881  2005  2392 10497
  1010  2107  2004 24728  2063  1012  1046  2015  1998 16108  1010  2096
  2500  2024  3214  2005  1996  2067 10497  1010  2107  2004  3500  1006
  2109  2011 20066  1044  2100 23736  2015  1007  1010 10090  2006 15168
  1006  2109  2011  4497  8757  1007  1010  6520 23422  1010 13045  1046
  2015  1998  2062  1012  7705  6431  4007  4007  2003  1037  2275  1997
  8128  2008  2448  2006  1037  3698  1012  1037  7705  2003  2036  4007
  2764  1998  2109  2011  9797  1010  2107  2004  4773  5097  1010  2951
  2671  1998  4684  2458  7705  2015  1010  2021  2573  2004  1037  3978
  2005  4975  2060  4007  1012  7705  6431  4730  2653  2096  1037  7705
  2003  1996 13296  3252  1997  2151  4646  1005  1055  3642  1010  1037
  4730  2653  2003  1037  2275  1997  2517  3513  1010 15672  1998  7060
  2000  3073 10954  2000  7588  2006  2054  2000  2079  2279  1012  2009
  1521  1055  2066  2413  1998  2394  1010  2021  2005  7588  1012  4973
  2421  9262  1010  1039  1001  1010 18750  1010 25718  1010  4385  1012
  7705  6431  3075  1037  3075  2003  1037 21972  1010  2128 10383  3468
 20000  1997  3642  2881  2000  4685  1037  3563  3853  1516  2030  2275
  1997  4876  3141  4972  1012  1037  9722 19274  2015  1037  3075  2046
  2019  4646  1998  4455  2009  3081  2019 17928  2043  2008  3853  2003
  3223  1010  2302  3015  1996  3642  2013 11969  1012  2066  7705  2015
  1010  1037  3075 12939  9797  2000  2896  2458  2051  1998  5366  2011
 11434  3642  2128  8557  1012  2228  1997  1037  7705  2004  2019 10061
  2433  1997  1037  3075  1012  2012  1996  2168  2051  1010  1037  7705
  2064  5383  2028  2030  2062  8860  1010   102]","[1 1 1 1 1 1 1 1 1 1 1 1 1 1 1 1 1 1 1 1 1 1 1 1 1 1 1 1 1 1 1 1 1 1 1 1 1
 1 1 1 1 1 1 1 1 1 1 1 1 1 1 1 1 1 1 1 1 1 1 1 1 1 1 1 1 1 1 1 1 1 1 1 1 1
 1 1 1 1 1 1 1 1 1 1 1 1 1 1 1 1 1 1 1 1 1 1 1 1 1 1 1 1 1 1 1 1 1 1 1 1 1
 1 1 1 1 1 1 1 1 1 1 1 1 1 1 1 1 1 1 1 1 1 1 1 1 1 1 1 1 1 1 1 1 1 1 1 1 1
 1 1 1 1 1 1 1 1 1 1 1 1 1 1 1 1 1 1 1 1 1 1 1 1 1 1 1 1 1 1 1 1 1 1 1 1 1
 1 1 1 1 1 1 1 1 1 1 1 1 1 1 1 1 1 1 1 1 1 1 1 1 1 1 1 1 1 1 1 1 1 1 1 1 1
 1 1 1 1 1 1 1 1 1 1 1 1 1 1 1 1 1 1 1 1 1 1 1 1 1 1 1 1 1 1 1 1 1 1 1 1 1
 1 1 1 1 1 1 1 1 1 1 1 1 1 1 1 1 1 1 1 1 1 1 1 1 1 1 1 1 1 1 1 1 1 1 1 1 1
 1 1 1 1 1 1 1 1 1 1 1 1 1 1 1 1 1 1 1 1 1 1 1 1 1 1 1 1 1 1 1 1 1 1 1 1 1
 1 1 1 1 1 1 1 1 1 1 1 1 1 1 1 1 1 1 1 1 1 1 1 1 1 1 1 1 1 1 1 1 1 1 1 1 1
 1 1 1 1 1 1 1 1 1 1 1 1 1 1 1 1 1 1 1 1 1 1 1 1 1 1 1 1 1 1 1 1 1 1 1 1 1
 1 1 1 1 1 1 1 1 1 1 1 1 1 1 1 1 1 1 1 1 1 1 1 1 1 1 1 1 1 1 1 1 1 1 1 1 1
 1 1 1 1 1 1 1 1 1 1 1 1 1 1 1 1 1 1 1 1 1 1 1 1 1 1 1 1 1 1 1 1 1 1 1 1 1
 1 1 1 1 1 1 1 1 1 1 1 1 1 1 1 1 1 1 1 1 1 1 1 1 1 1 1 1 1 1 1]"
5,"[  101  2027  4995  1521  1056  1996  2168  2518  1012  2096  1996  7705
  3640  1037 12391  3252  2004  1037 13526  2000  3642  4007  1010  1037
  4132  4107  2119  1996  8051  1998  1996  4007  5906  2734  2000  3857
  1998  2448  2019  4646  1012  1037  3722  5009  2000  2715  6236 18444
  2260  2378  6123  1024  7705  2015  1999  3617  6236  7705  2015  1010
  1999  2236  1010  3499  9797  2000 23569 27605  4371  2037  2147  1025
  2174  1010  1996  2504  1997 20600  1998  6937  3012  1997  3463  9041
  2006  1996  4044  1012  2043  1996  2392 10497  1998  2067 10497  2024
 21933  6279  3709  1010  9797  2064  3443  1996  4007  2013 11969  1998
  2031  2062  4071  2000  3965  5151  6322  1012  7705  2015  2024 14044
  2005  9797  2551  2006 18847 28508  7248  1010  2205  1012  2664  1010
  2027  3701 13883  2235 24839  1997  3642  2005  3563  4972  2349  2000
  1996  4964  3267  1997  1996  2291  1012  2005  2392 10497  9797  1010
  2005  6013  1010  2478  1037  7705  2107  2004 24728  2063  1012  1046
  2015  2030 16108  2965  4526  1037  4310  2298  1998  2514  1999  2019
 17338 15810  3401  4037  2096  9992 23563  8518  2107  2004 28297  1010
 16972  1998  5219  2968  1012  2023  2003  3391 15189  2043  4117  2007
  1037  2132  3238  6236  5576  1012  1996  2224  1997 17371  5705  1999
  1996  6123  1997  3617  6236  2003  2000  3499  3733  8346  1997  1037
  2194  1521  1055 17338 15810  3401  4646  2007  1996 17928  3024  2011
  1037  2132  3238  5576  1012  2202  9497  2015  1528  1037  4007  7705
  2003  1037 13526  2008  2950  3653 13462  5906  1010  8860  1010  4007
  2458 18628  1006 17371  5705  1007  1998  2060  6177  1012  1528  1999
  6236  1010  7705  2015  9585  9797  2000  3443  4310  4007  2005  2392
 10497  2015  1998  2067 10497  2015  2302  2770  2046 23563  8518  2008
  4030  2091  2037  6393  1012  1037  3722  5009  2000  2715  6236 18444
 11502  1012  2054  2003  2019 17928  1029  4646  4730 19706  1010  2030
 17928  2015  1010  2024 19706  2328  2006  2327  1997  1996  4007  1010
  2019  4646  2030  1037  3075  2008  3499  2048  3001  2000  7532  1998
 10639  1012  2000 19141  2129 17928  2015  2147  1010  5674  2017  1521
  2128  1999  1037  4825  1998  2215  2000  2344  1037  9841  1012  1996
 15610 17427  2115  2344  1010 18058  2009  2000  1996 10026  1010  1998
  2059  7545  2115  2344  2043  3201  1012  1999  2023 11967  1010  1996
 15610  5836  1996 17928  1516  1996  4807  2958  2090  2048  4243  1012
  2012  1037  6054  1010  2019 17928  1024  1528  2003  2019  8278  2006
  2327  1997  2019  4646  2030  3075  2008  4473 20587  2015  2000 15389
 15380  1006  1041  1012  1043  1012  1010 18422  4171  1010 23032 12612
  1010  4385  1012  1007  2030  3443  1013  3191  1013 10651  1013  3972
 12870  2951  1006  3688  1010  4449  1010  7597  1010  4385  1012  1007
  1012  1528 12939  3316  2000 16678 15380  1998  2951  2004  1037  2326
  2058  2019 17928  1010  2738  2084  8816  2075  1010 23658  1010  9530
  8873 27390  2075  1010  2770  1998  8498  2312 20829  1997  4007  1998
  8051  1012  1528  4473  2648  9797  2000   102]","[1 1 1 1 1 1 1 1 1 1 1 1 1 1 1 1 1 1 1 1 1 1 1 1 1 1 1 1 1 1 1 1 1 1 1 1 1
 1 1 1 1 1 1 1 1 1 1 1 1 1 1 1 1 1 1 1 1 1 1 1 1 1 1 1 1 1 1 1 1 1 1 1 1 1
 1 1 1 1 1 1 1 1 1 1 1 1 1 1 1 1 1 1 1 1 1 1 1 1 1 1 1 1 1 1 1 1 1 1 1 1 1
 1 1 1 1 1 1 1 1 1 1 1 1 1 1 1 1 1 1 1 1 1 1 1 1 1 1 1 1 1 1 1 1 1 1 1 1 1
 1 1 1 1 1 1 1 1 1 1 1 1 1 1 1 1 1 1 1 1 1 1 1 1 1 1 1 1 1 1 1 1 1 1 1 1 1
 1 1 1 1 1 1 1 1 1 1 1 1 1 1 1 1 1 1 1 1 1 1 1 1 1 1 1 1 1 1 1 1 1 1 1 1 1
 1 1 1 1 1 1 1 1 1 1 1 1 1 1 1 1 1 1 1 1 1 1 1 1 1 1 1 1 1 1 1 1 1 1 1 1 1
 1 1 1 1 1 1 1 1 1 1 1 1 1 1 1 1 1 1 1 1 1 1 1 1 1 1 1 1 1 1 1 1 1 1 1 1 1
 1 1 1 1 1 1 1 1 1 1 1 1 1 1 1 1 1 1 1 1 1 1 1 1 1 1 1 1 1 1 1 1 1 1 1 1 1
 1 1 1 1 1 1 1 1 1 1 1 1 1 1 1 1 1 1 1 1 1 1 1 1 1 1 1 1 1 1 1 1 1 1 1 1 1
 1 1 1 1 1 1 1 1 1 1 1 1 1 1 1 1 1 1 1 1 1 1 1 1 1 1 1 1 1 1 1 1 1 1 1 1 1
 1 1 1 1 1 1 1 1 1 1 1 1 1 1 1 1 1 1 1 1 1 1 1 1 1 1 1 1 1 1 1 1 1 1 1 1 1
 1 1 1 1 1 1 1 1 1 1 1 1 1 1 1 1 1 1 1 1 1 1 1 1 1 1 1 1 1 1 1 1 1 1 1 1 1
 1 1 1 1 1 1 1 1 1 1 1 1 1 1 1 1 1 1 1 1 1 1 1 1 1 1 1 1 1 1 1]"
6,"[  101  2348  2717 17928  2015  3073  2019  6581  2067 10497  5576  1010
  2027 13382  3471  2005  2392 10497  9797  2043 12151  1996  2157 17928
  2015  2000  4685  4563  4972  1998  2129  2000 17841  2951  1012  2058
  1011 18584  2075  2030  2104  1011 18584  2075  2951  2024 10694 17928
  3471  2008  2089  3426  2836  3314  1012  5674  2065  2019  6207  3422
 18584  2229  2019  2972  2048  1011 13164  3762  2618 18093  2058  1037
 12562  2897  2296  2051  1037  5310  4122  2000  2298  2012  4031  4751
  1012  1996  2168  2518  6433  2043  1996 17928  2104  1011 18584  2229
  2951  1012  2023  5942  3674  1010  7642  2461  1011  4440  4455  2007
  3132  9798  2373  2030 20235  1010  2029  2064  2022  2200  6450  2030
 16678  2205  2172  2373  1012  2023  2003  2054 10629  4160  2140  2003
  3539  2094  2005  1024  2009  4473  9797  2000 12850  1996  6635  2951
  2013  2151  3120  1012  2004  1037  2951 23032  2653  2005 17928  2015
  1010 10629  4160  2140  3957  9797  1996  8321  2592  2027  2342  1010
  9268  1996  2342  2000  5047  2312 12450  1997 14203  2951  1998  4526
  2147 24490  2015  2000  5547 17928  4455  1012  2144  2009  4240  2004
  1037  6741  2006  2327  1997 17928  2015  1010 10629  4160  2140 13711
  2015  2612  1997 20736 17928  2015  1012 17928  2015  6431  4773  6806
  6559  2015  2004  2019 17928 12939  2048  1011  2126  4807  2090  4007
  5097  5533  2011 11186  1010  1037  4773  6806  6559  2003  1037 12038
 17928  2008  4204  2028  1011  2126  2951  6631 13330  2011  2824  1012
  2612  1997  2028  4646 17942  2178  2000  4374  1037  3433  1010  1037
  4773  6806  6559  2003  1037  2326  2008  4473  2028  2565  2000  4604
  2951  2000  2178  2004  2574  2004  1037  3327  2724  3138  2173  1012
  2005  2742  1010  1037  4773  6806  6559 10255  1037 26828  2043  2019
  2724  5158  1010  2107  2004  1037 13995  7909  1012  1037  3722  5009
  2000  2715  6236 18444  2321  2378  6123  1024 17928  2015  1999  3617
  6236  6236 17928  2015  9585  4807  2090  2392 10497  2015  1006  4037
  1010  4684 18726  1010 22834  2102  5733  1010  4385  1012  1007  1998
  1996  2067 10497  1006  2951  6741  1007  1010  1998  6133  5171  6236
  4972  1024  1528 12612 17928  1024  3191  1998 14171 12612  2592  2005
  4031 10176  2478  2019 17928  1012  1528  2344 17928  1024  3229  2344
  2381  2005  2028  1011  2051 17402  1010 15002  4449  1010 12324  4449
  2013  2353  1011  2283  4353  6833  1010  4385  1012  1528  4031 17928
  1024  6133  3558  3688  1010  2164  2037 10176  1998  4871  1012  1528
 12598 17928  1024  3229  3361 11817  2005  4449  1998 11440  1012 17928
  1011  2034  1010 12702  8043  7903  2063  1011  2241  6236  7248  3749
  1037 12379  2126  2005  5661  2000 22701  6322  1012  2007  1996  8893
  1523  3857  1998  4965  1524  3921  1010  3316  2064  2224  4012  5302
 23194  3550  4972  1006  1041  1012  1043  1012  1010 11122  1010  4449
  1007  2004  2019 17928  3024  2011  1037  2132  3238  4132  1998  3857
  4310  2838  2006  2327  2000 21032  1012  2478 10629  4160  2140  1998
  4773  6806  6559  2015  2006  2327  1997   102]","[1 1 1 1 1 1 1 1 1 1 1 1 1 1 1 1 1 1 1 1 1 1 1 1 1 1 1 1 1 1 1 1 1 1 1 1 1
 1 1 1 1 1 1 1 1 1 1 1 1 1 1 1 1 1 1 1 1 1 1 1 1 1 1 1 1 1 1 1 1 1 1 1 1 1
 1 1 1 1 1 1 1 1 1 1 1 1 1 1 1 1 1 1 1 1 1 1 1 1 1 1 1 1 1 1 1 1 1 1 1 1 1
 1 1 1 1 1 1 1 1 1 1 1 1 1 1 1 1 1 1 1 1 1 1 1 1 1 1 1 1 1 1 1 1 1 1 1 1 1
 1 1 1 1 1 1 1 1 1 1 1 1 1 1 1 1 1 1 1 1 1 1 1 1 1 1 1 1 1 1 1 1 1 1 1 1 1
 1 1 1 1 1 1 1 1 1 1 1 1 1 1 1 1 1 1 1 1 1 1 1 1 1 1 1 1 1 1 1 1 1 1 1 1 1
 1 1 1 1 1 1 1 1 1 1 1 1 1 1 1 1 1 1 1 1 1 1 1 1 1 1 1 1 1 1 1 1 1 1 1 1 1
 1 1 1 1 1 1 1 1 1 1 1 1 1 1 1 1 1 1 1 1 1 1 1 1 1 1 1 1 1 1 1 1 1 1 1 1 1
 1 1 1 1 1 1 1 1 1 1 1 1 1 1 1 1 1 1 1 1 1 1 1 1 1 1 1 1 1 1 1 1 1 1 1 1 1
 1 1 1 1 1 1 1 1 1 1 1 1 1 1 1 1 1 1 1 1 1 1 1 1 1 1 1 1 1 1 1 1 1 1 1 1 1
 1 1 1 1 1 1 1 1 1 1 1 1 1 1 1 1 1 1 1 1 1 1 1 1 1 1 1 1 1 1 1 1 1 1 1 1 1
 1 1 1 1 1 1 1 1 1 1 1 1 1 1 1 1 1 1 1 1 1 1 1 1 1 1 1 1 1 1 1 1 1 1 1 1 1
 1 1 1 1 1 1 1 1 1 1 1 1 1 1 1 1 1 1 1 1 1 1 1 1 1 1 1 1 1 1 1 1 1 1 1 1 1
 1 1 1 1 1 1 1 1 1 1 1 1 1 1 1 1 1 1 1 1 1 1 1 1 1 1 1 1 1 1 1]"
7,"[  101  2152  2504  1997  2491  1998 12943 15148  2005  2151  2449  2008
  4122  2000  7601  7103  2618  5901  1012  1999  2023 19160  4044  1010
  3316  2064 14033 18847 28508  1010  8027  7248  1998  6869  2000  8013
  3791  2006  1996  4875  1012  2023  9525  4294  7545  1037 21298  1997
  6666  1024  1528  2007 12702  8043  7903  2229  1010  3316 21296 12604
  7934  2578  2008  3710  1037  3563  3800  1012  2138 12702  8043  7903
  2229  2024  2011 12398  2981  2578  6086  3081 17928  2015  1010  2009
  1521  1055  2172  5514  1998  6082  2000 10408  2047  2838  1010 14305
  1998 14409  1010  4526  1037  2022 13102 11045  3325  2013  2203  2000
  2203  1012  1528  2007  2019 17928  1011  2034  3921  1010  3316  4089
  2958  4806  2090  2536  2392 10497  2015  1998  1037 22493  2067 10497
  1012 10629  4160  2140  7126  9231  8400  1996  6635  2951  2734  1999
  2216 10266  2005  8155  2121  1998  5514  2392 10497  2836  1012  1528
  2007  1037  6112  1011  3128  5576  1010  3316  8285 15782  2571 25773
  1998  2360  9119  2000  4037 19119  2349  2000  4026 19547  1012  1528
  2007  2132  3238  1010  3316 21933  6279  2571  1996  2412  1011  3652
  2193  1997  2392 10497  2015  2013  1996  2067 10497  2005  4555 16991
  1998  3177  1012  2009  7126  3443  3435 11744  1010  5047 17796  4031
  2951  1010  7661  4697  3688  1010  4888  2460  5060 15365  1998  2713
  2047  4972  2302 14978  2015  1012  1037  3722  5009  2000  2715  6236
 18444  2459  9006  6873 19150  6236  2003  2129  5661 16678 24532  1010
  8130  1998 10549  1996  2190  1011  1997  1011  8843  6177  1999  1037
  6236  5576  1010  2392 10497  1998  7909 13151  2008  6669  4906  2037
  5918  1012  2228  1997  2009  2004 23853 14219  2008  3073 10709 14930
  1010  5378  7661  1010  4310  3971  2000 21032  2115  2449  1012  2023
  2003  2054  6236  3406 27896  1010  1996 12235  1997 24532  1010  2064
  8116  2005  2017  1012  6236  3406 27896  4107  2132  3238  6236  7300
  1010  2578  1998  1037 11103  1997  2116  3688  2008  2064  2022 14258
  2030 13643  2109  1024  1528  6236  3406 27896  4012  6873 19150  6236
  2003  1996  2067 10497  1012  2009  4972  2004  1996  4563  1997  1996
  6236 16927  1998  3774  1997  2058  3998  1997  1996  2190  6236 17928
  2015  1012  1528  6236  3406 27896  2392 10497  7126  2017  3443 14726
  2392 10497  2015  2007  4138  4180  6322  2000 21032  2115  4435  1010
  2004  2009  2003  3243 12379  1998  3733  2000  7661  4697  1012  1528
  6236  3406 27896  2005  3930  1024  3652 10310  1998  9639  6637  2114
  3469 16629  2064  2175  2132  3238  2007  3653  1011 24378 18628  1006
  2067 10497  1009  2392 10497  1009  3945  1007  2008  3749  1996  2190
  6627  9991  6177  2000  3857  2115 24532  1011  2241  6236  4294  1012
  1037  3722  5009  2000  2715  6236 18444 19446  1012 27068  5649  1528
  4646  4730  8278  1006 17928  1007  1024  2019  8278  2328  2006  2327
  1997  1996  4007  1010  2019  4646  2030  1037  3075  2008  4473  2048
  3001  2000 10639  1012  1528  2067 10497  1024  1996  2951  6741  2073
  1996  4031  1998  8013  2951  2003  8250   102]","[1 1 1 1 1 1 1 1 1 1 1 1 1 1 1 1 1 1 1 1 1 1 1 1 1 1 1 1 1 1 1 1 1 1 1 1 1
 1 1 1 1 1 1 1 1 1 1 1 1 1 1 1 1 1 1 1 1 1 1 1 1 1 1 1 1 1 1 1 1 1 1 1 1 1
 1 1 1 1 1 1 1 1 1 1 1 1 1 1 1 1 1 1 1 1 1 1 1 1 1 1 1 1 1 1 1 1 1 1 1 1 1
 1 1 1 1 1 1 1 1 1 1 1 1 1 1 1 1 1 1 1 1 1 1 1 1 1 1 1 1 1 1 1 1 1 1 1 1 1
 1 1 1 1 1 1 1 1 1 1 1 1 1 1 1 1 1 1 1 1 1 1 1 1 1 1 1 1 1 1 1 1 1 1 1 1 1
 1 1 1 1 1 1 1 1 1 1 1 1 1 1 1 1 1 1 1 1 1 1 1 1 1 1 1 1 1 1 1 1 1 1 1 1 1
 1 1 1 1 1 1 1 1 1 1 1 1 1 1 1 1 1 1 1 1 1 1 1 1 1 1 1 1 1 1 1 1 1 1 1 1 1
 1 1 1 1 1 1 1 1 1 1 1 1 1 1 1 1 1 1 1 1 1 1 1 1 1 1 1 1 1 1 1 1 1 1 1 1 1
 1 1 1 1 1 1 1 1 1 1 1 1 1 1 1 1 1 1 1 1 1 1 1 1 1 1 1 1 1 1 1 1 1 1 1 1 1
 1 1 1 1 1 1 1 1 1 1 1 1 1 1 1 1 1 1 1 1 1 1 1 1 1 1 1 1 1 1 1 1 1 1 1 1 1
 1 1 1 1 1 1 1 1 1 1 1 1 1 1 1 1 1 1 1 1 1 1 1 1 1 1 1 1 1 1 1 1 1 1 1 1 1
 1 1 1 1 1 1 1 1 1 1 1 1 1 1 1 1 1 1 1 1 1 1 1 1 1 1 1 1 1 1 1 1 1 1 1 1 1
 1 1 1 1 1 1 1 1 1 1 1 1 1 1 1 1 1 1 1 1 1 1 1 1 1 1 1 1 1 1 1 1 1 1 1 1 1
 1 1 1 1 1 1 1 1 1 1 1 1 1 1 1 1 1 1 1 1 1 1 1 1 1 1 1 1 1 1 1]"
8,"[  101  4280  1998  4972  1012  1528 24532  1024  1996 10318  4294  1997
  2715  6236  7248  2241  2006 12702  8043  7903  2229  1010 17928  2015
  1010  6112  1011  3128  1998  2132  3238  1012  8826  2011  6236  3406
 27896  1012  1528 12702  8043  7903  2229  1024  4294  2008 13585 11853
 11211  1010  9174 21296  3085  2235  6177  2000 17202  2019  4646  1012
  2009  1521  1055  6086  3081  2092  1011  4225 17928  2015  1012  1528
 18847 28508  7248  1024  2035  1011  1999  1011  2028  6236  7842  3022
  5576  2853  2004  2028  3131  1012  1528  4800  1011  2702 11656  1024
  1037  2309  4007  6013  1998  6502  2008  4240  3674  6304  1012  1528
  2006  1011 18458  1024  2043  1037  2194  1521  1055  4132  2003  5361
  7246  1010  2006  1037  2449  1521  7588  1998 14903  1010  4363  1996
  2009  6502  2006  1011  2609  1012  1528  4132  1024  3640  2119  1996
  8051  1998  1996  4007  5906  2734  2000  2448  2019  4646  1516  2022
  2009  1037 26609  2565  2030  2028  2328  2006  1037  7705  1012  1528
  4132  1011  2004  1011  1037  1011  2326  1006  6643  3022  1007  1024
  3640  1037  4132  2000  3857  1010 21296  1010 22806  1998  6133  4007
  3688  1012  1528  4730  2653  1024  1037  2275  1997  2517  3513  1010
 15672  1998  7060  2000  3073 10954  2000  7588  2006  2054  2000  2079
  2279  1012  1528  6630  2389  2110  4651  1006  2717  1007  1024  1037
  2275  1997  3513  2000  3443 17928  2015  1012  1528  4007  1024  1037
  2275  1997  8128  2008  2448  2006  1037  3698  1012  1528  4007  1011
  2004  1011  2326  1006  7842  3022  1007  1024  3640  2041  1011  1997
  1011  1996  1011  3482  2578  3266  2011  1037 21431  1012  1528  4007
  2458  8934  1006 17371  2243  1007  1024  3640  1996  4072  5906  2005
  4646  2458  1999  1037 15708  7427  1012  1528  4007 19796  1024  1037
 10675  2000 18847 28508  7248  1012  1528  6994 23615  1024  3397  4280
  1998  2987  1521  1056 20648  1996  3252  1010  2551  2004  1037  2062
  4208  3075  2007  1037  4225  1998  3563  3800  1012  1528  4773  6806
  6559  1024  1037 12038 17928  2008  4204  2028  1011  2126  2951  6631
 13330  2011  2824  1010  4352  2028  2565  2000  4604  2951  2000  2178
  2004  2574  2004  1037  3327  2724  5158  1012  1037  3722  5009  2000
  2715  6236 18444  2322  7875  5833  6236  3406 27896  6236  3406 27896
  2003  1037  2279  4245  4007  2974  2194  2008  4107  1037  2995  6112
  6236  4132  1010  4346  1996  2311  5991  2005  1996  2047  3617  6236
  2287  1012  2256  2877  1011  3341 17928  3921  7126 16629  3443  4435
  3643  2011  7861 23948  6236  2780  2000  2640  4310  1998 11973  3617
  6236  6322  7249  1516  2651  1998  1999  1996  2925  1012  2256 29003
  1010  6922  3550  4294 24840  5618  8010  2011  6022  8161  2458  2051
  1998  4219  3223  2000 22806  2000  2715  6236  2974  1998  3113  2047
  8013  7670  1012  1996  9525  4132  2640 12939  6236 12020  2005  1996
  2925  2011  5378  1996  5724  2000  2593  2224  1996  4132  1521  1055
  2972  2275  1997  2838  2030 21296  3265  2578  1010  2474 11122  2063
  2058  2051  1012  2023  2110  1011  1997   102]","[1 1 1 1 1 1 1 1 1 1 1 1 1 1 1 1 1 1 1 1 1 1 1 1 1 1 1 1 1 1 1 1 1 1 1 1 1
 1 1 1 1 1 1 1 1 1 1 1 1 1 1 1 1 1 1 1 1 1 1 1 1 1 1 1 1 1 1 1 1 1 1 1 1 1
 1 1 1 1 1 1 1 1 1 1 1 1 1 1 1 1 1 1 1 1 1 1 1 1 1 1 1 1 1 1 1 1 1 1 1 1 1
 1 1 1 1 1 1 1 1 1 1 1 1 1 1 1 1 1 1 1 1 1 1 1 1 1 1 1 1 1 1 1 1 1 1 1 1 1
 1 1 1 1 1 1 1 1 1 1 1 1 1 1 1 1 1 1 1 1 1 1 1 1 1 1 1 1 1 1 1 1 1 1 1 1 1
 1 1 1 1 1 1 1 1 1 1 1 1 1 1 1 1 1 1 1 1 1 1 1 1 1 1 1 1 1 1 1 1 1 1 1 1 1
 1 1 1 1 1 1 1 1 1 1 1 1 1 1 1 1 1 1 1 1 1 1 1 1 1 1 1 1 1 1 1 1 1 1 1 1 1
 1 1 1 1 1 1 1 1 1 1 1 1 1 1 1 1 1 1 1 1 1 1 1 1 1 1 1 1 1 1 1 1 1 1 1 1 1
 1 1 1 1 1 1 1 1 1 1 1 1 1 1 1 1 1 1 1 1 1 1 1 1 1 1 1 1 1 1 1 1 1 1 1 1 1
 1 1 1 1 1 1 1 1 1 1 1 1 1 1 1 1 1 1 1 1 1 1 1 1 1 1 1 1 1 1 1 1 1 1 1 1 1
 1 1 1 1 1 1 1 1 1 1 1 1 1 1 1 1 1 1 1 1 1 1 1 1 1 1 1 1 1 1 1 1 1 1 1 1 1
 1 1 1 1 1 1 1 1 1 1 1 1 1 1 1 1 1 1 1 1 1 1 1 1 1 1 1 1 1 1 1 1 1 1 1 1 1
 1 1 1 1 1 1 1 1 1 1 1 1 1 1 1 1 1 1 1 1 1 1 1 1 1 1 1 1 1 1 1 1 1 1 1 1 1
 1 1 1 1 1 1 1 1 1 1 1 1 1 1 1 1 1 1 1 1 1 1 1 1 1 1 1 1 1 1 1]"
9,"[  101  1017  3937  4294  1018  6112  2578  1018  4655  1998 11343 10019
  1019  2981 17928  2015  6153  2011 12702  8043  7903  2229  1021  7809
 21146 17080  3070  1022  3094 23032  5368 18771  1006  1039  4160  2869
  1007  1023  4800  1011  2702 11656  2184  6112  2326  3036  2340 12702
  8043  7903  2229  5443  1012 18847 15909  7898  1024 24501 18622 11916
  2306  2340  5761  2114  2309  2685  1997  4945  2260  4026  2058 11066
   102     0     0     0     0     0     0     0     0     0     0     0
     0     0     0     0     0     0     0     0     0     0     0     0
     0     0     0     0     0     0     0     0     0     0     0     0
     0     0     0     0     0     0     0     0     0     0     0     0
     0     0     0     0     0     0     0     0     0     0     0     0
     0     0     0     0     0     0     0     0     0     0     0     0
     0     0     0     0     0     0     0     0     0     0     0     0
     0     0     0     0     0     0     0     0     0     0     0     0
     0     0     0     0     0     0     0     0     0     0     0     0
     0     0     0     0     0     0     0     0     0     0     0     0
     0     0     0     0     0     0     0     0     0     0     0     0
     0     0     0     0     0     0     0     0     0     0     0     0
     0     0     0     0     0     0     0     0     0     0     0     0
     0     0     0     0     0     0     0     0     0     0     0     0
     0     0     0     0     0     0     0     0     0     0     0     0
     0     0     0     0     0     0     0     0     0     0     0     0
     0     0     0     0     0     0     0     0     0     0     0     0
     0     0     0     0     0     0     0     0     0     0     0     0
     0     0     0     0     0     0     0     0     0     0     0     0
     0     0     0     0     0     0     0     0     0     0     0     0
     0     0     0     0     0     0     0     0     0     0     0     0
     0     0     0     0     0     0     0     0     0     0     0     0
     0     0     0     0     0     0     0     0     0     0     0     0
     0     0     0     0     0     0     0     0     0     0     0     0
     0     0     0     0     0     0     0     0     0     0     0     0
     0     0     0     0     0     0     0     0     0     0     0     0
     0     0     0     0     0     0     0     0     0     0     0     0
     0     0     0     0     0     0     0     0     0     0     0     0
     0     0     0     0     0     0     0     0     0     0     0     0
     0     0     0     0     0     0     0     0     0     0     0     0
     0     0     0     0     0     0     0     0     0     0     0     0
     0     0     0     0     0     0     0     0     0     0     0     0
     0     0     0     0     0     0     0     0     0     0     0     0
     0     0     0     0     0     0     0     0     0     0     0     0
     0     0     0     0     0     0     0     0     0     0     0     0
     0     0     0     0     0     0     0     0     0     0     0     0
     0     0     0     0     0     0     0     0]","[1 1 1 1 1 1 1 1 1 1 1 1 1 1 1 1 1 1 1 1 1 1 1 1 1 1 1 1 1 1 1 1 1 1 1 1 1
 1 1 1 1 1 1 1 1 1 1 1 1 1 1 1 1 1 1 1 1 1 1 1 1 1 1 1 1 1 1 1 1 1 1 1 1 0
 0 0 0 0 0 0 0 0 0 0 0 0 0 0 0 0 0 0 0 0 0 0 0 0 0 0 0 0 0 0 0 0 0 0 0 0 0
 0 0 0 0 0 0 0 0 0 0 0 0 0 0 0 0 0 0 0 0 0 0 0 0 0 0 0 0 0 0 0 0 0 0 0 0 0
 0 0 0 0 0 0 0 0 0 0 0 0 0 0 0 0 0 0 0 0 0 0 0 0 0 0 0 0 0 0 0 0 0 0 0 0 0
 0 0 0 0 0 0 0 0 0 0 0 0 0 0 0 0 0 0 0 0 0 0 0 0 0 0 0 0 0 0 0 0 0 0 0 0 0
 0 0 0 0 0 0 0 0 0 0 0 0 0 0 0 0 0 0 0 0 0 0 0 0 0 0 0 0 0 0 0 0 0 0 0 0 0
 0 0 0 0 0 0 0 0 0 0 0 0 0 0 0 0 0 0 0 0 0 0 0 0 0 0 0 0 0 0 0 0 0 0 0 0 0
 0 0 0 0 0 0 0 0 0 0 0 0 0 0 0 0 0 0 0 0 0 0 0 0 0 0 0 0 0 0 0 0 0 0 0 0 0
 0 0 0 0 0 0 0 0 0 0 0 0 0 0 0 0 0 0 0 0 0 0 0 0 0 0 0 0 0 0 0 0 0 0 0 0 0
 0 0 0 0 0 0 0 0 0 0 0 0 0 0 0 0 0 0 0 0 0 0 0 0 0 0 0 0 0 0 0 0 0 0 0 0 0
 0 0 0 0 0 0 0 0 0 0 0 0 0 0 0 0 0 0 0 0 0 0 0 0 0 0 0 0 0 0 0 0 0 0 0 0 0
 0 0 0 0 0 0 0 0 0 0 0 0 0 0 0 0 0 0 0 0 0 0 0 0 0 0 0 0 0 0 0 0 0 0 0 0 0
 0 0 0 0 0 0 0 0 0 0 0 0 0 0 0 0 0 0 0 0 0 0 0 0 0 0 0 0 0 0 0]"
10,"[  101  2340  5761  2114  2309  2685  1997  4945  2260  4026  2058 11066
  2260  4007 11829  2030  6502 28616  8663  8873 27390  3370  2410  4007
 11829  2410  6502 28616  8663  8873 27390  3370  2403  2110  3238  6922
  4945  2403  7809  7989  2403  2060  2578  7989  2321 10200  4145  2321
  7233  4145  2385  2490   102     0     0     0     0     0     0     0
     0     0     0     0     0     0     0     0     0     0     0     0
     0     0     0     0     0     0     0     0     0     0     0     0
     0     0     0     0     0     0     0     0     0     0     0     0
     0     0     0     0     0     0     0     0     0     0     0     0
     0     0     0     0     0     0     0     0     0     0     0     0
     0     0     0     0     0     0     0     0     0     0     0     0
     0     0     0     0     0     0     0     0     0     0     0     0
     0     0     0     0     0     0     0     0     0     0     0     0
     0     0     0     0     0     0     0     0     0     0     0     0
     0     0     0     0     0     0     0     0     0     0     0     0
     0     0     0     0     0     0     0     0     0     0     0     0
     0     0     0     0     0     0     0     0     0     0     0     0
     0     0     0     0     0     0     0     0     0     0     0     0
     0     0     0     0     0     0     0     0     0     0     0     0
     0     0     0     0     0     0     0     0     0     0     0     0
     0     0     0     0     0     0     0     0     0     0     0     0
     0     0     0     0     0     0     0     0     0     0     0     0
     0     0     0     0     0     0     0     0     0     0     0     0
     0     0     0     0     0     0     0     0     0     0     0     0
     0     0     0     0     0     0     0     0     0     0     0     0
     0     0     0     0     0     0     0     0     0     0     0     0
     0     0     0     0     0     0     0     0     0     0     0     0
     0     0     0     0     0     0     0     0     0     0     0     0
     0     0     0     0     0     0     0     0     0     0     0     0
     0     0     0     0     0     0     0     0     0     0     0     0
     0     0     0     0     0     0     0     0     0     0     0     0
     0     0     0     0     0     0     0     0     0     0     0     0
     0     0     0     0     0     0     0     0     0     0     0     0
     0     0     0     0     0     0     0     0     0     0     0     0
     0     0     0     0     0     0     0     0     0     0     0     0
     0     0     0     0     0     0     0     0     0     0     0     0
     0     0     0     0     0     0     0     0     0     0     0     0
     0     0     0     0     0     0     0     0     0     0     0     0
     0     0     0     0     0     0     0     0     0     0     0     0
     0     0     0     0     0     0     0     0     0     0     0     0
     0     0     0     0     0     0     0     0     0     0     0     0
     0     0     0     0     0     0     0     0     0     0     0     0
     0     0     0     0     0     0     0     0]","[1 1 1 1 1 1 1 1 1 1 1 1 1 1 1 1 1 1 1 1 1 1 1 1 1 1 1 1 1 1 1 1 1 1 1 1 1
 1 1 1 1 1 1 1 1 1 1 1 1 1 1 1 1 0 0 0 0 0 0 0 0 0 0 0 0 0 0 0 0 0 0 0 0 0
 0 0 0 0 0 0 0 0 0 0 0 0 0 0 0 0 0 0 0 0 0 0 0 0 0 0 0 0 0 0 0 0 0 0 0 0 0
 0 0 0 0 0 0 0 0 0 0 0 0 0 0 0 0 0 0 0 0 0 0 0 0 0 0 0 0 0 0 0 0 0 0 0 0 0
 0 0 0 0 0 0 0 0 0 0 0 0 0 0 0 0 0 0 0 0 0 0 0 0 0 0 0 0 0 0 0 0 0 0 0 0 0
 0 0 0 0 0 0 0 0 0 0 0 0 0 0 0 0 0 0 0 0 0 0 0 0 0 0 0 0 0 0 0 0 0 0 0 0 0
 0 0 0 0 0 0 0 0 0 0 0 0 0 0 0 0 0 0 0 0 0 0 0 0 0 0 0 0 0 0 0 0 0 0 0 0 0
 0 0 0 0 0 0 0 0 0 0 0 0 0 0 0 0 0 0 0 0 0 0 0 0 0 0 0 0 0 0 0 0 0 0 0 0 0
 0 0 0 0 0 0 0 0 0 0 0 0 0 0 0 0 0 0 0 0 0 0 0 0 0 0 0 0 0 0 0 0 0 0 0 0 0
 0 0 0 0 0 0 0 0 0 0 0 0 0 0 0 0 0 0 0 0 0 0 0 0 0 0 0 0 0 0 0 0 0 0 0 0 0
 0 0 0 0 0 0 0 0 0 0 0 0 0 0 0 0 0 0 0 0 0 0 0 0 0 0 0 0 0 0 0 0 0 0 0 0 0
 0 0 0 0 0 0 0 0 0 0 0 0 0 0 0 0 0 0 0 0 0 0 0 0 0 0 0 0 0 0 0 0 0 0 0 0 0
 0 0 0 0 0 0 0 0 0 0 0 0 0 0 0 0 0 0 0 0 0 0 0 0 0 0 0 0 0 0 0 0 0 0 0 0 0
 0 0 0 0 0 0 0 0 0 0 0 0 0 0 0 0 0 0 0 0 0 0 0 0 0 0 0 0 0 0 0]"
11,"[  101  2385  2490  2539  2490  2578  2539  8013  1521  1055  2535  2322
  2506 24501 18622 11916  2538 22524  1037  1024 27068  5649  2570 22524
  1038  1024  4087  9991  2742  2603  2055  6236  3406 27896  2484  3967
  2149  2484  6236  3406 27896  1521 24501 18622 11916  1016 17421  7849
  2100  1999  2023  6254  1010  2057 10580  1996 24501 18622 11916  1997
  6236  3406 27896  1999  2119  2326 11343  1998  2951  7233  1012  2256
  3688  2031  3569  3316  2083  3674  2304 26587  1010 16941 28401  1010
  4056  4031 18989  1010  1998  2035  1996  2420  1999  2090  1012  2083
  2035  1997  2023  1010  4031  2041 13923  2024  5186  4678  1012  6236
  3406 27896  1521 11103  2003  4055  2046  2195  7842  3022  3688  1012
  2169  4031  2003  2328  1998  5359  3128  2135  1999  1996  6112  2004
   102     0     0     0     0     0     0     0     0     0     0     0
     0     0     0     0     0     0     0     0     0     0     0     0
     0     0     0     0     0     0     0     0     0     0     0     0
     0     0     0     0     0     0     0     0     0     0     0     0
     0     0     0     0     0     0     0     0     0     0     0     0
     0     0     0     0     0     0     0     0     0     0     0     0
     0     0     0     0     0     0     0     0     0     0     0     0
     0     0     0     0     0     0     0     0     0     0     0     0
     0     0     0     0     0     0     0     0     0     0     0     0
     0     0     0     0     0     0     0     0     0     0     0     0
     0     0     0     0     0     0     0     0     0     0     0     0
     0     0     0     0     0     0     0     0     0     0     0     0
     0     0     0     0     0     0     0     0     0     0     0     0
     0     0     0     0     0     0     0     0     0     0     0     0
     0     0     0     0     0     0     0     0     0     0     0     0
     0     0     0     0     0     0     0     0     0     0     0     0
     0     0     0     0     0     0     0     0     0     0     0     0
     0     0     0     0     0     0     0     0     0     0     0     0
     0     0     0     0     0     0     0     0     0     0     0     0
     0     0     0     0     0     0     0     0     0     0     0     0
     0     0     0     0     0     0     0     0     0     0     0     0
     0     0     0     0     0     0     0     0     0     0     0     0
     0     0     0     0     0     0     0     0     0     0     0     0
     0     0     0     0     0     0     0     0     0     0     0     0
     0     0     0     0     0     0     0     0     0     0     0     0
     0     0     0     0     0     0     0     0     0     0     0     0
     0     0     0     0     0     0     0     0     0     0     0     0
     0     0     0     0     0     0     0     0     0     0     0     0
     0     0     0     0     0     0     0     0     0     0     0     0
     0     0     0     0     0     0     0     0     0     0     0     0
     0     0     0     0     0     0     0     0     0     0     0     0
     0     0     0     0     0     0     0     0]","[1 1 1 1 1 1 1 1 1 1 1 1 1 1 1 1 1 1 1 1 1 1 1 1 1 1 1 1 1 1 1 1 1 1 1 1 1
 1 1 1 1 1 1 1 1 1 1 1 1 1 1 1 1 1 1 1 1 1 1 1 1 1 1 1 1 1 1 1 1 1 1 1 1 1
 1 1 1 1 1 1 1 1 1 1 1 1 1 1 1 1 1 1 1 1 1 1 1 1 1 1 1 1 1 1 1 1 1 1 1 1 1
 1 1 1 1 1 1 1 1 1 1 1 1 1 1 1 1 1 1 1 1 1 1 0 0 0 0 0 0 0 0 0 0 0 0 0 0 0
 0 0 0 0 0 0 0 0 0 0 0 0 0 0 0 0 0 0 0 0 0 0 0 0 0 0 0 0 0 0 0 0 0 0 0 0 0
 0 0 0 0 0 0 0 0 0 0 0 0 0 0 0 0 0 0 0 0 0 0 0 0 0 0 0 0 0 0 0 0 0 0 0 0 0
 0 0 0 0 0 0 0 0 0 0 0 0 0 0 0 0 0 0 0 0 0 0 0 0 0 0 0 0 0 0 0 0 0 0 0 0 0
 0 0 0 0 0 0 0 0 0 0 0 0 0 0 0 0 0 0 0 0 0 0 0 0 0 0 0 0 0 0 0 0 0 0 0 0 0
 0 0 0 0 0 0 0 0 0 0 0 0 0 0 0 0 0 0 0 0 0 0 0 0 0 0 0 0 0 0 0 0 0 0 0 0 0
 0 0 0 0 0 0 0 0 0 0 0 0 0 0 0 0 0 0 0 0 0 0 0 0 0 0 0 0 0 0 0 0 0 0 0 0 0
 0 0 0 0 0 0 0 0 0 0 0 0 0 0 0 0 0 0 0 0 0 0 0 0 0 0 0 0 0 0 0 0 0 0 0 0 0
 0 0 0 0 0 0 0 0 0 0 0 0 0 0 0 0 0 0 0 0 0 0 0 0 0 0 0 0 0 0 0 0 0 0 0 0 0
 0 0 0 0 0 0 0 0 0 0 0 0 0 0 0 0 0 0 0 0 0 0 0 0 0 0 0 0 0 0 0 0 0 0 0 0 0
 0 0 0 0 0 0 0 0 0 0 0 0 0 0 0 0 0 0 0 0 0 0 0 0 0 0 0 0 0 0 0]"
12,"[  101  1999  2023  6254  1010  2057 10580  1996 24501 18622 11916  1997
  6236  3406 27896  1999  2119  2326 11343  1998  2951  7233  1012  2256
  3688  2031  3569  3316  2083  3674  2304 26587  1010 16941 28401  1010
  4056  4031 18989  1010  1998  2035  1996  2420  1999  2090  1012  2083
  2035  1997  2023  1010  4031  2041 13923  2024  5186  4678  1012  6236
  3406 27896  1521 11103  2003  4055  2046  2195  7842  3022  3688  1012
  2169  4031  2003  2328  1998  5359  3128  2135  1999  1996  6112  2004
  1037  4800  1011 16713  2326  1012  2023  3921  2646  4007  2640  1998
  2458  2003  8050  2000  2129  2057  3857  1998  8116  3688  1012  2169
  1997  2122  3688  3310  2007  2019 22889  2050  1998  2003  2328  3081
  1037  5257  1997 12702  8043  7903  2229  1010  1998  1996 15380  2003
  7801  3081 17928  1998  2449  5310  6994  2075  1012  6236  3406 27896
  2038  4056  2086  2000  2311  1037 26743  3468  1010 15873  1010  1998
  5851  2275  1997  3688  2008  2024  2800  1999  1037  7578  2275  1997
 10056  4655  1998  2024 24501 18622  4765  2114  3314  1998  2041 13923
  1012  1999  1996  2206  6254  1010  2057  8849  1996  3937  4294  1997
  1996  6236  3406 27896  5576  1010  6709  3145  5919  1999  1996 12702
  8043  7903  2229  3921  2057  3582  1010  8849  2256 10200  1998  7233
  8474  1010  1998  6235  2256  5151  8013  2490  2578  1012  2012  6236
  3406 27896  2057  2024  9657  1999  2256  3688  1010  1998  2011  1996
  2203  1997  2023  6254  1010  2057  3246  2017  2514  9657  1999  2068
  1010  2205  1012  6236  3406 27896  1521 24501 18622 11916  1017 22083
  2594  4294  2023  2930  4751  1996  4800  1011 16713  1010  6112  1011
  3128  1010 12702  8043  7903  2063  4294  7333  2011  6236  3406 27896
  1012  2023  4294  4076  1996  2783  3068  2190  6078  1998  4473  2149
  2000  2022  3435  1998 12379  1999  2256  2640  1998 24501 18622  4765
  2114 15428  1012  1996  3746  2917 16691  1996  2830  6622  1997  4007
  4294  2015  1010  2164  6236  3406 27896  1521 12702  8043  7903  2229
  1011  2241  1010  6112  1011  3128  4294  1012  6112  2578  6112  2326
 11670  4425  1037  2328  1011  1999  6994 23615  1997  3811  1011  2800
  1998 26743  3468  6177  2008  2064  2022 21155  2094  2000  3443  3375
  3688  1012  6236  3406 27896 14927  2024  2800  1999  8224  6112  4132
  1006  1043 21906  1007  1998  9733  4773  2578  1006 22091  2015  1007
  1012  1996  3746  2917  3640  1037  4766 19184  1997  2129  1996  6236
  3406 27896  1521  4294  2573  2362  1999 18732  1012  3266  9936  1528
  4354  2309  1011 16713 18847 15909  7898 11614  7248  1010  2047  6994
  2075  1528  2047  6994  2075  6994  2075  2006  2327  1997  8027  7248
  1528  1523  6112  1524  2109  2005  5821  1528  2309  1011 16713  9006
  5017  3401  7248  7333  2000 24264  3022  2030  6643  3022  1528  2202
  8027  4132  1998 21296  2009  2000 24264  3022  2030  6643  3022  1997
  2115  3601  1528  2070 21274  3012  3841  2063 30510  3215  2021  2145
  2025  1523  6112  3128  1524  4294  2638  2860  6112  1011  2241 18847
 28508  7300  1528  4800  1011 16713  2021   102]","[1 1 1 1 1 1 1 1 1 1 1 1 1 1 1 1 1 1 1 1 1 1 1 1 1 1 1 1 1 1 1 1 1 1 1 1 1
 1 1 1 1 1 1 1 1 1 1 1 1 1 1 1 1 1 1 1 1 1 1 1 1 1 1 1 1 1 1 1 1 1 1 1 1 1
 1 1 1 1 1 1 1 1 1 1 1 1 1 1 1 1 1 1 1 1 1 1 1 1 1 1 1 1 1 1 1 1 1 1 1 1 1
 1 1 1 1 1 1 1 1 1 1 1 1 1 1 1 1 1 1 1 1 1 1 1 1 1 1 1 1 1 1 1 1 1 1 1 1 1
 1 1 1 1 1 1 1 1 1 1 1 1 1 1 1 1 1 1 1 1 1 1 1 1 1 1 1 1 1 1 1 1 1 1 1 1 1
 1 1 1 1 1 1 1 1 1 1 1 1 1 1 1 1 1 1 1 1 1 1 1 1 1 1 1 1 1 1 1 1 1 1 1 1 1
 1 1 1 1 1 1 1 1 1 1 1 1 1 1 1 1 1 1 1 1 1 1 1 1 1 1 1 1 1 1 1 1 1 1 1 1 1
 1 1 1 1 1 1 1 1 1 1 1 1 1 1 1 1 1 1 1 1 1 1 1 1 1 1 1 1 1 1 1 1 1 1 1 1 1
 1 1 1 1 1 1 1 1 1 1 1 1 1 1 1 1 1 1 1 1 1 1 1 1 1 1 1 1 1 1 1 1 1 1 1 1 1
 1 1 1 1 1 1 1 1 1 1 1 1 1 1 1 1 1 1 1 1 1 1 1 1 1 1 1 1 1 1 1 1 1 1 1 1 1
 1 1 1 1 1 1 1 1 1 1 1 1 1 1 1 1 1 1 1 1 1 1 1 1 1 1 1 1 1 1 1 1 1 1 1 1 1
 1 1 1 1 1 1 1 1 1 1 1 1 1 1 1 1 1 1 1 1 1 1 1 1 1 1 1 1 1 1 1 1 1 1 1 1 1
 1 1 1 1 1 1 1 1 1 1 1 1 1 1 1 1 1 1 1 1 1 1 1 1 1 1 1 1 1 1 1 1 1 1 1 1 1
 1 1 1 1 1 1 1 1 1 1 1 1 1 1 1 1 1 1 1 1 1 1 1 1 1 1 1 1 1 1 1]"
13,"[  101 24501 18622  4765  2836  1998  4473  2005  3278  3465  1998  2051
 10995  1012  4655  1998 11343 10019  6112  2326  4294 12939  1996  3754
  2005  8051  6502  2000  2022  5500  2408  1996  7595  3081  4655  1012
  2256  2578  2020  2881  2004  6112  1011  3128  2000  2202  5056  1997
  1996  6666  1997  6112  2326  4294  1012  2169  2326  1999  2256  4007
  9991 21155  2015  1037  6263  1997  2093 11343 10019  2306  2169  2555
  1012  2023  6112 10813  3921  2003 26096 24501 18622  4765  1999  8650
  2114  4646 13045 15428  1012 15929 16594  2023  3754  1010  8051  4945
  2003  2025  2019  3277  1010  2004  2009  2003  8073  5224  1010  1998
  2417 18426 14767  2024  2921  2011  1996  6112 10802  1012  4655  2024
  2981  9183  2752  2008  8676  1997 11343 10019  1012  2169 11343  4224
  2003  1037 10813  2181  2005  6112  4219  1998  2323  2022  2641  1037
  2309  4945  5884  1012  2122 10019  2031  5664  5269  2007  2981  2897
  7264  1998  2373  6067  1025  2174  1010 10019  2306  1037  2555  2024
 23972  2284  2000 24978  5397  2461  1011  4440  2897  2397 14767  1997
  2104  1015  5244  1999  1996  5345  2705  3867  9463  1012  2083 11343
 10019  1010  6112 10813  2015  2031  1037  3929  3161  1013  3161 11343
  2306  1037  2555  1012  2917  2003  1037  5107  2742  1997  2129 11343
 10019  2024 12550  2306  1037  2555  1012  2951  2415  8261  2397  9407
 24501 18622  4765  1984  5677 20831  2951  2415  2850  2696  2415  2951
  2415 12462 11733  8553  4224 11343  4224 11343  4224  2850  2696  2415
  2951  2415  2951  2415 23784  6236  3406 27896  1521 24501 18622 11916
  1019 19205  3070  1999  1996  6112  2515  2025 21155 11343 10019  2011
 12398  1012  6304  2064  5454  2000 21296  2019  2006  1011 18458  4646
  2046  1037  2309  4224  1999  1996  6112  1012  2065  1996  4646  2003
  2025  4944  2098  1013  2881  2000  2022  6112  1011  3128  1010  6304
  2024  2823  5299  2046  2023  2828  1997 10813  2944  1012 21296  2075
  2019  4646  2023  2126  2052  2005  3995  2070  1997  1996  2328  1011
  1999 12637  1996  6112  2064  3073  1012  1996  3746  2917  3065  2129
 11343 10019  3853  2005  2417 18426  9407  1998 11343  1012  2306  2169
  9675  2555  1010  1037  6263  1997  1017  2595  2417 18426  9407  6526
  1010 12725  2008  3265  2326  1006  4646  1010  7809  1010  4385  1007
  2003  2196  7153  7539  1997  8051 15428  1010  2291  3314  1010  2030
  4224  2041 13923  1012  2203  5310 10581 10074  7170 20120  4773  8241
 10439 21557  8241  7809  8241  2890 24759 17872  2951  6741  8010  2000
  8246  2058 11431  9314 14203 12530 15266 12462 11733  8553  4224  1037
 11343  4224 29491  2570  6236  3406 27896  1521 24501 18622 11916  1020
 22254 13699 10497  4765 17928  2015  6153  2011 12702  8043  7903  2229
  2256  4031  2838  2024  5359  3081  2981 17928  2015  6153  2011 12702
  8043  7903  2229  1012  2169 12702  8043  7903  2063  2003  7333  2046
  1996  6112  2555  2478 13970  5677  7159  2229  1998  9319  2049  2219
  4646  6741  1010  2951 23809  2063  1010  1998  6502  1012  2023  4294
 12939  6739  2780  2000 21296 14409  2083   102]","[1 1 1 1 1 1 1 1 1 1 1 1 1 1 1 1 1 1 1 1 1 1 1 1 1 1 1 1 1 1 1 1 1 1 1 1 1
 1 1 1 1 1 1 1 1 1 1 1 1 1 1 1 1 1 1 1 1 1 1 1 1 1 1 1 1 1 1 1 1 1 1 1 1 1
 1 1 1 1 1 1 1 1 1 1 1 1 1 1 1 1 1 1 1 1 1 1 1 1 1 1 1 1 1 1 1 1 1 1 1 1 1
 1 1 1 1 1 1 1 1 1 1 1 1 1 1 1 1 1 1 1 1 1 1 1 1 1 1 1 1 1 1 1 1 1 1 1 1 1
 1 1 1 1 1 1 1 1 1 1 1 1 1 1 1 1 1 1 1 1 1 1 1 1 1 1 1 1 1 1 1 1 1 1 1 1 1
 1 1 1 1 1 1 1 1 1 1 1 1 1 1 1 1 1 1 1 1 1 1 1 1 1 1 1 1 1 1 1 1 1 1 1 1 1
 1 1 1 1 1 1 1 1 1 1 1 1 1 1 1 1 1 1 1 1 1 1 1 1 1 1 1 1 1 1 1 1 1 1 1 1 1
 1 1 1 1 1 1 1 1 1 1 1 1 1 1 1 1 1 1 1 1 1 1 1 1 1 1 1 1 1 1 1 1 1 1 1 1 1
 1 1 1 1 1 1 1 1 1 1 1 1 1 1 1 1 1 1 1 1 1 1 1 1 1 1 1 1 1 1 1 1 1 1 1 1 1
 1 1 1 1 1 1 1 1 1 1 1 1 1 1 1 1 1 1 1 1 1 1 1 1 1 1 1 1 1 1 1 1 1 1 1 1 1
 1 1 1 1 1 1 1 1 1 1 1 1 1 1 1 1 1 1 1 1 1 1 1 1 1 1 1 1 1 1 1 1 1 1 1 1 1
 1 1 1 1 1 1 1 1 1 1 1 1 1 1 1 1 1 1 1 1 1 1 1 1 1 1 1 1 1 1 1 1 1 1 1 1 1
 1 1 1 1 1 1 1 1 1 1 1 1 1 1 1 1 1 1 1 1 1 1 1 1 1 1 1 1 1 1 1 1 1 1 1 1 1
 1 1 1 1 1 1 1 1 1 1 1 1 1 1 1 1 1 1 1 1 1 1 1 1 1 1 1 1 1 1 1]"
14,"[  101  5535  2012  2560  2093 11343 10019  1999  1037  2555  1010 12725
  2506 24501 18622 11916  1012  2622  1014  1011  6694  6694  1011  2456
  1529 25897  2683  1011  1529 25568  3688  4449  6236  3406 27896  1521
 24501 18622 11916  1022  9006  2386  2094 23032  5368 18771  1006  1039
  4160  2869  1007  2057 21155  1996  2373  1997  3094 23032  5368 18771
  1006  1039  4160  2869  1007  2640  7060  1010  2029  5452  2104  1996
  6958  2008  2951  2003  2025  2517  1996  2168  2126  2009  2003  8250
  1998  3191  1012  2007  2023  5418  1010  2151 14932 10651 11186  2024
 13995  1998  2357  2046  3674  2824  2008  2024  2363  2011  2981 12702
  8043  7903  2229  2005  2004  6038  2818  4948  3560  8304  1012  2023
  4473  2005 10124  7170  1998  4555 24501 18622 11916  1012  1039  4160
  2869 12099 11598  2015  2256 11343  2011  4352  2169  2951 23809  2063
  2000  4094  2429  2000  2049  2219  2224  2553  1011  3563  3791  1012
  2951 23809  2229  2008  5047  7009  2024 26928  2200 11543  2013  2951
 23809  2229  2008  5047  9631  1012  2011 14443  9631  2013  7009  1010
  2057  5441 15502 11343  1998 26743  8553  1012  2023  2832  2003  7645
  1999  1996  3746  2917  1012  2256  4294  2036  3138  5056  1997  2048
  4127  1997  2951 18700  1024  2844 18700  1998  9523 18700  1012  2007
  2844 18700  1010  2036  2124  2004  3191  1011  2044  1011  4339 18700
  1010  3431  2024  3202  7686  2044  1996 17928  5651  1037  3433  3642
  1012  2061  2019  6234  3191  5227  2097  8339  1996  2689  1012  2007
  9523 18700  1010  2043  2019 17928  2655 10438  1037 19933  2895  2006
  2019  9178  1010  2206  1996  1039  4160  2869  2640  5418  1010  1996
  5227  2003 13995  1010 24240  2094  1010  1998  2776  2741  2041  2004
  2019  2724  2005  8304  1012  1996 17928  5651  1037  3433  3642  2077
  1996  3431  2024 13995  1012  2019  6234  3191  5227  2089  2030  2089
  2025  8339  1996  2689  1010  2295  1999  2051  1996  2689  2097  2022
  7686  1012 15929 16594  2048  4127  1997  2951 18700  4473  2149  2000
 18478  7170  1998  5047  2116 25501  1997 17928 11186 24501 18622 28198
  1012  7396  2724 26373  3191 27075  3193  9006  2386  2094  2944 23032
  2944  6236  3406 27896  1521 24501 18622 11916  1023 12274  7096  2072
  1011  2702 11656  2256  3688  2024  4800  1011 16713  2011  2640  1010
  3574  2008  3674  6304  3745  1996  2168  6502  1998  4646  4219  2021
  2079  2025  2031  3229  2000  2060  6304  1521  2951  1012  2000  6162
  2023  1010  2169 16713  2622  2003  9347  2098  2007  1037  4310 11177
  7809  1999  2256  4207 12256  3995 18939 12107  2588  4325  1012  1996
 11177 17881  3745  1996  2168  6502  4219  2021  2024  4728  3584  1012
  2057  2059  6133  3229  2000  2122 11177  2135  5459  3934  3081  2256
 17928 22496  1012  1996  3746  2917  4107  1037  4766 19184  1997  2309
  1011  2702 11656  5443  1012  4800  1011  2702 11656  2640  1012  2256
  4800  1011 16713  2291  2038  2172  3020  6537  2005 26743  8553  2084
  1037  2309  1011 16713  2291  1012  2008  2056  1010  2045  2003  2467
  1037  5787  1010  1998  1037 28616  4783   102]","[1 1 1 1 1 1 1 1 1 1 1 1 1 1 1 1 1 1 1 1 1 1 1 1 1 1 1 1 1 1 1 1 1 1 1 1 1
 1 1 1 1 1 1 1 1 1 1 1 1 1 1 1 1 1 1 1 1 1 1 1 1 1 1 1 1 1 1 1 1 1 1 1 1 1
 1 1 1 1 1 1 1 1 1 1 1 1 1 1 1 1 1 1 1 1 1 1 1 1 1 1 1 1 1 1 1 1 1 1 1 1 1
 1 1 1 1 1 1 1 1 1 1 1 1 1 1 1 1 1 1 1 1 1 1 1 1 1 1 1 1 1 1 1 1 1 1 1 1 1
 1 1 1 1 1 1 1 1 1 1 1 1 1 1 1 1 1 1 1 1 1 1 1 1 1 1 1 1 1 1 1 1 1 1 1 1 1
 1 1 1 1 1 1 1 1 1 1 1 1 1 1 1 1 1 1 1 1 1 1 1 1 1 1 1 1 1 1 1 1 1 1 1 1 1
 1 1 1 1 1 1 1 1 1 1 1 1 1 1 1 1 1 1 1 1 1 1 1 1 1 1 1 1 1 1 1 1 1 1 1 1 1
 1 1 1 1 1 1 1 1 1 1 1 1 1 1 1 1 1 1 1 1 1 1 1 1 1 1 1 1 1 1 1 1 1 1 1 1 1
 1 1 1 1 1 1 1 1 1 1 1 1 1 1 1 1 1 1 1 1 1 1 1 1 1 1 1 1 1 1 1 1 1 1 1 1 1
 1 1 1 1 1 1 1 1 1 1 1 1 1 1 1 1 1 1 1 1 1 1 1 1 1 1 1 1 1 1 1 1 1 1 1 1 1
 1 1 1 1 1 1 1 1 1 1 1 1 1 1 1 1 1 1 1 1 1 1 1 1 1 1 1 1 1 1 1 1 1 1 1 1 1
 1 1 1 1 1 1 1 1 1 1 1 1 1 1 1 1 1 1 1 1 1 1 1 1 1 1 1 1 1 1 1 1 1 1 1 1 1
 1 1 1 1 1 1 1 1 1 1 1 1 1 1 1 1 1 1 1 1 1 1 1 1 1 1 1 1 1 1 1 1 1 1 1 1 1
 1 1 1 1 1 1 1 1 1 1 1 1 1 1 1 1 1 1 1 1 1 1 1 1 1 1 1 1 1 1 1]"
15,"[  101  1998  6125  2000  4047  1010  6133  1010  1998  4636  1012  2256
  6112  1011  3128  2578 10956  1996  5915 10813  1997  2590  3642 24699
  2000  1037 10124  9531  1997  3001  2247  2007 21040  4359  2051  2013
  2707  2000  3926  2005  2051  1011  7591  3431  1012  2256  3128  6112
  2578  6022  5547  1996 12612  1997  6502  4007  2000  6133  1998  4047
  2007  1037  2235 24319  1997  3001  2000  5851  1010  9839  2625  2084
  2006  1011 10345 10058  1012  2057  2036  4468  1996  3891  1997 12329
 14903  2004  6184  2011 16911 13970  5677  7159  2229  1999  1996  6112
  1012  2007  2256  6112  1011  3128  2578  1010  6304  2053  2936  2342
  2000 17467  1996  6565  4094  1998 11619  1997  6502  1010  8051  1010
  1998  9531  1997 24728 19666  6906 14680  2007  2006  1011 10345  2578
  1012  2057  6366  1996 10859  1998  3891  1997  6960  3136  1998  3036
 16112  2007  2006  1011 10345  3001  1010  4128  1010  1998  4007  1012
  2256  6304  2053  2936  5478  1996  4866  7711  1010  3947  1010  3136
  1010  8822  1010  1998  2968  3223  2000  5851  2006  1011 10345  3688
  1010 27329  2075  2256  4781  1997 24501 18622 11916  1012 12702  8043
  7903  2229  5443  1012 18847 15909  7898  1024 24501 18622 11916  2306
  2023  2930  2582  4751  1996 24501 18622 11916  1997  1996 12702  8043
  7903  2063  4294  7333  2011  6236  3406 27896  1012  1999  1037 12702
  8043  7903  2063  4294  1010  2169 12702  8043  7903  2063  2003  7275
  1012  2023  2965  2008  1037  4945  2006  2028  2326  2089  2030  2089
  2025  4254  1996  2972  4646  1012  2005  2742  1010  2012  6236  3406
 27896  1010  2256 12324 17928  2003  1037  3294  3584  2326  2013  2256
 15727  8833  1012  2169  2326  9319  4056 17881  1998  2448  7292  5097
  1012  2027  2024  4198  1999  2008  2043  1037  2689  2003  2081  2007
 12324 17928  1010 15727  8833  2636  2009  1012  2065  1996 12324 17928
  2038  1037  4187  4945  1010  2009  2097 13236  2000  2147  2138  2027
  2024  2981 12702  8043  7903  2229  1012  2023  4945  2003  9145  2005
  2216 15929 16594  1996 12324 17928 15380  1010  2021 15727  8833  2097
  3613  2000  3853  9651  3431  2081  2011  2060  2578  1012  6660  1010
  1037  4497  2097  2022 24720  2011  2019 12324 17928  2030 15727  8833
  2326  4945  1012  6236  3406 27896  1521 24501 18622 11916  6252  2483
  2003  1037  3278  5056  2058 18847 28508  5617  1010  1999  2029  2065
  2151  2235  3538  1997  1996  2291  2038  1037  4187  4945  1010  2035
  6177  2306  1996  2291  2024  8729  2013  2770  1012  1996  4254  1997
  4945  8146  2064  2022 18478  2094  2083 12702  8043  7903  2063  4294
  2011  4911 15380  2046  3265  4109  1012  2023  2036 21934 24759 14144
  1996  2458  5402  1010  2004  2169  3538  2003  2069  3214  2000  4685
  1037  3563  4708  1012  2009  2003  2590  2000  3602  2008  2130  1999
 12702  8043  7903  2063  4294  1010  2045  2024  2070  4646  4187  2578
  2008  2089  2025  3495  4652  2178  2326  2013  2770  2021  2644  2009
  2013 12285  7919  1012  2122 12702  8043  7903  2229  2024  2309  2685
  1997  4945  1012  2019  2742  1997  2023   102]","[1 1 1 1 1 1 1 1 1 1 1 1 1 1 1 1 1 1 1 1 1 1 1 1 1 1 1 1 1 1 1 1 1 1 1 1 1
 1 1 1 1 1 1 1 1 1 1 1 1 1 1 1 1 1 1 1 1 1 1 1 1 1 1 1 1 1 1 1 1 1 1 1 1 1
 1 1 1 1 1 1 1 1 1 1 1 1 1 1 1 1 1 1 1 1 1 1 1 1 1 1 1 1 1 1 1 1 1 1 1 1 1
 1 1 1 1 1 1 1 1 1 1 1 1 1 1 1 1 1 1 1 1 1 1 1 1 1 1 1 1 1 1 1 1 1 1 1 1 1
 1 1 1 1 1 1 1 1 1 1 1 1 1 1 1 1 1 1 1 1 1 1 1 1 1 1 1 1 1 1 1 1 1 1 1 1 1
 1 1 1 1 1 1 1 1 1 1 1 1 1 1 1 1 1 1 1 1 1 1 1 1 1 1 1 1 1 1 1 1 1 1 1 1 1
 1 1 1 1 1 1 1 1 1 1 1 1 1 1 1 1 1 1 1 1 1 1 1 1 1 1 1 1 1 1 1 1 1 1 1 1 1
 1 1 1 1 1 1 1 1 1 1 1 1 1 1 1 1 1 1 1 1 1 1 1 1 1 1 1 1 1 1 1 1 1 1 1 1 1
 1 1 1 1 1 1 1 1 1 1 1 1 1 1 1 1 1 1 1 1 1 1 1 1 1 1 1 1 1 1 1 1 1 1 1 1 1
 1 1 1 1 1 1 1 1 1 1 1 1 1 1 1 1 1 1 1 1 1 1 1 1 1 1 1 1 1 1 1 1 1 1 1 1 1
 1 1 1 1 1 1 1 1 1 1 1 1 1 1 1 1 1 1 1 1 1 1 1 1 1 1 1 1 1 1 1 1 1 1 1 1 1
 1 1 1 1 1 1 1 1 1 1 1 1 1 1 1 1 1 1 1 1 1 1 1 1 1 1 1 1 1 1 1 1 1 1 1 1 1
 1 1 1 1 1 1 1 1 1 1 1 1 1 1 1 1 1 1 1 1 1 1 1 1 1 1 1 1 1 1 1 1 1 1 1 1 1
 1 1 1 1 1 1 1 1 1 1 1 1 1 1 1 1 1 1 1 1 1 1 1 1 1 1 1 1 1 1 1]"
16,"[  101  2114  1037  4026  9997  1012  2108  6112  1011  3128  4473  2149
  2000  8285  1011  4094  2000  2855 15581  2000  3652  4026  1012  2256
  2110  3238 13970  5677  7159  2229 14164  2064  2039  1011  4094  2855
  1006  2055  1016  2781  2005  1037  2047 13045  1998  2625  2005  3265
  5097  1007  1012  2096  2256 12256  3995 18939 11568 17881  2202  1037
  2978  2936  2000 15581  1010  2027  2064  2036  8285  1011  4094  2043
  2734  1012  5678  1010  2057  2224  4281  6364  7188  2825  1012  2096
  1999  2070  3572  2009  1521  1055  4187  2008  2019 17928  2655 26351
  8093 17175 27191  6194  1996  3433  1010  2060  2147  2064  2022  2864
  2004  6038  2818  4948 13453  1012  2023  2147  2064  2022  2404  2046
  1037 24240  1998  8971  3081  4281  6194  1012  1996 24240  2094  3431
  2024  2025  7172  2035  1999  5903  1012  2023  3921  2052  4895  2638
  9623 22740  2135  4171  1996  2291  1012  2612  1010  2256  4281  6194
  2064  4139 14409  2125  1996 24240  1999  2235 14108  2229  2000  2625
  2368  4646  7170  1012  1999  1996  2553  1997  1037  4945  1010  1996
 10861 25165  7337 12939  2128 21011  2302  4254  2075  1996  2060 14409
  1012  4007 11829  2030  6502 28616  8663  8873 27390  3370  1999  2151
  4007  4646  1010  1037  4945 11967  2064  2022  3107  2011  1037  4007
 11829  2030  6502 28616  8663  8873 27390  3370  1997  1996  4007  1012
  2057  2031  1037  4800  1011  7563  2098 16134  2000  3457  2114  2122
  4127  1997  3314  2013 12473  2537 10058  1012  4007 11829  2034  1010
  2057  2079  3642  4391  2006  2296  2689  2008  2003  5359  1012  2012
  1037  6263  1010  2057  2342  2048  6226  2015  2006  2296  3642  3319
  1012  2023 21312  2008  2012  2560  2048  9797  2060  2084  1996  3166
  2031  2464  1998 20119  1996  3431  1012  2059  2057  2448  4866  3231
  3216  2077  1996  3642  2003  7333  2000 15308 10058  1012  2122 12978
  3231 19796  9398  3686  2047  3642 14260  6149  2791  1998  3457  2114
 14260 26237  1012 15929 16594 25022  1013  3729 16134  1010  2057 21296
  3674  2335  1037  2154  2007  2235  2689  4520  1012  2034  1010  2057
 21296  2000  1037 15308  4044  1998  9398  3686  1012  1996 27354  1997
  1037  2689  3138  2004  2146  2004  3223  1012  2057  2097  2025  5481
  1037  2689  2046  2537  1012  2044 27354  1010  2057 21296  2000  2537
  1012  2057  2031  1996  3754  2000 21296  1996  2689  2000  2069  1037
 16745  1997  2256  3452  4026  2275  1012  2005  2742  1010  2057  2064
 21296  1037  2689  2073  2069  1015  1003  1997  2256  3452  2537  4026
  2097  8087  2008 14260  2689  1012  2320  1996  5248  2003  9398  4383
  1010  2057  2064  4897  2009  2041  2000  1037  3469  6903  1997  1996
  4026  2918  1012  2025  2035  3431  2024  7333  4297 28578 21050  2135
  1010  2021  2023  2003  1037  2204  2126  2000  5676  3020  1011  3891
  3431  2031 10124  4997  4254  2323  2019  3277 13368  1012  6236  3406
 27896  1521 24501 18622 11916  2410 10128  1037 11829  3084  2009  2046
  1037  2537  4044  1010  2057  2064  2855  6709  1996  2689  4786  1996
  4945  1998  4897  2009  2067  2000  1037   102]","[1 1 1 1 1 1 1 1 1 1 1 1 1 1 1 1 1 1 1 1 1 1 1 1 1 1 1 1 1 1 1 1 1 1 1 1 1
 1 1 1 1 1 1 1 1 1 1 1 1 1 1 1 1 1 1 1 1 1 1 1 1 1 1 1 1 1 1 1 1 1 1 1 1 1
 1 1 1 1 1 1 1 1 1 1 1 1 1 1 1 1 1 1 1 1 1 1 1 1 1 1 1 1 1 1 1 1 1 1 1 1 1
 1 1 1 1 1 1 1 1 1 1 1 1 1 1 1 1 1 1 1 1 1 1 1 1 1 1 1 1 1 1 1 1 1 1 1 1 1
 1 1 1 1 1 1 1 1 1 1 1 1 1 1 1 1 1 1 1 1 1 1 1 1 1 1 1 1 1 1 1 1 1 1 1 1 1
 1 1 1 1 1 1 1 1 1 1 1 1 1 1 1 1 1 1 1 1 1 1 1 1 1 1 1 1 1 1 1 1 1 1 1 1 1
 1 1 1 1 1 1 1 1 1 1 1 1 1 1 1 1 1 1 1 1 1 1 1 1 1 1 1 1 1 1 1 1 1 1 1 1 1
 1 1 1 1 1 1 1 1 1 1 1 1 1 1 1 1 1 1 1 1 1 1 1 1 1 1 1 1 1 1 1 1 1 1 1 1 1
 1 1 1 1 1 1 1 1 1 1 1 1 1 1 1 1 1 1 1 1 1 1 1 1 1 1 1 1 1 1 1 1 1 1 1 1 1
 1 1 1 1 1 1 1 1 1 1 1 1 1 1 1 1 1 1 1 1 1 1 1 1 1 1 1 1 1 1 1 1 1 1 1 1 1
 1 1 1 1 1 1 1 1 1 1 1 1 1 1 1 1 1 1 1 1 1 1 1 1 1 1 1 1 1 1 1 1 1 1 1 1 1
 1 1 1 1 1 1 1 1 1 1 1 1 1 1 1 1 1 1 1 1 1 1 1 1 1 1 1 1 1 1 1 1 1 1 1 1 1
 1 1 1 1 1 1 1 1 1 1 1 1 1 1 1 1 1 1 1 1 1 1 1 1 1 1 1 1 1 1 1 1 1 1 1 1 1
 1 1 1 1 1 1 1 1 1 1 1 1 1 1 1 1 1 1 1 1 1 1 1 1 1 1 1 1 1 1 1]"
17,"[  101 16962 11568  2003  1037  2110  1011  1997  1011  1996  1011  2396
  6112  1011  3128  3266  2326  2008  3640  6882  7233  2005  2087  3314
  1012  1996  7809  2003  7333  1999  1037  9324  1997  2093 14164  2169
  1999  2019  2981  4224  1006  3584  3295  1998  8051  4219  1007  2306
  1037  6112  2555  1012  2065  2151  2028  4224 11896  1010  4026  2003
  8073  2417  7442 10985  2000  2028  1997  1996  2060 11343 10019  1012
  5678  1010 12256  3995 18939  2038  1037  2440  2490  2136  2012  1996
  3201  2323  2151  3277  2025  8073  8980  1012  1999  1037  5409  1011
  2553 11967  2008  5942  1037  2951 14591  1010  2057  2064  9239  2013
  1037  5552  2951 10200  1012  6236  3406 27896  1521 24501 18622 11916
  2403 14573  2121  2578  7989  2714  2000  1037  3266  7809  1010  2057
  2097  2823 21155  2060  2110  1011  1997  1011  1996  1011  2396  7300
  2013  6112 11670  1006  1041  1012  1043  7170  5703  2869  1007  1012
  2023 21312  2008  2057  2467  2031  1996  2190  5576  2000  9611  1996
  3291  1998  2123  1521  1056  2058  1011 10859  2256  6145  2007  4526
  2019  1999  1011  2160  5576  2043  2028  2525  6526  1012  2057  2467
  5676  2008  1996  2578  7333  8116  2152 11343  1010 15929 16594  3674
  6112 11343 10019  1999  1037  2555  1012 10200  4145  2006  1037  2152
  2504  1010  1037  6236  3406 27896  5576  3774  1997  2951  1010  6502
  1010  1998  1996  4646  2993  1012  1037 14669  6958  2369  2256  3921
  2003  2000  3857  7300  2008  2064  3853  2004  2110  3238  2004  2825
  1010  2004  2023  2003  1037  3145  4062  2005 26743  8553  1010 15258
  1010  1998 24501 18622 11916  1012  8821  1010  1996 10200  1997  2951
  2003  1996  4563  5783  1997  6236  3406 27896  1521 10200  1998  7233
  2933  1012  1037  2312  6903  1997  2256  2951  2003 19035  2306 12256
  3995 18939 17881  1012  2151  2060  2951  1011  8304  2974  1997  1996
  4132  2003  7790  2006  2008  2951  1012  6236  3406 27896 10438  2440
  7809 10200  2015  2007  4297 28578 21050 10200  2015  1999  1011  2090
  1012  1999  2804  1010  9785 20057 12326  2015  1998  2980  4297 28578
 21050 10200  2015  2024  2864  1012  2256  3218  2003  2000  3582  1996
  1017  1011  1016  1011  1015 10200  3627  1010  2004  7645  1999  1996
  3746  2682  1012  2023  3627  2163  2008  2057  2562  2012  2560  1017
  4809  1997  2256  2951  1998  3573  1016  4809  2006  2367  5527  2865
  2007  1015  1997  2068  2284 12446  4221  1012  1996  9785 20057 12326
  2832  2003  3929 12978  1998  5158  2296  2416  2847  1012  2057  2191
  1037  2440  4372 26775 22571  3064  6100  1997  2035 19035  2951  1998
 28024  2009  2408  3674  8224  6112  1006  1043 21906  1007  2030  9733
  4773  2578  1006 22091  2015  1007  4655  2306  1996  2168 12646 10505
  1012  2169  3265 10200  2003  8250  2005  2382  2420  1012  1017  2595
  2509  1011  1016  1011  1015 10200  3627  5441  2012  2560  1017  4809
  1997  2115  2951  2475  2595  2562  1016  4809  8250  2012  3584  5269
  2487  2595  3573  2012  2560  1015  6100  2012  2019   100  1011  2609
  3295  6236  3406 27896  1521 24501 18622   102]","[1 1 1 1 1 1 1 1 1 1 1 1 1 1 1 1 1 1 1 1 1 1 1 1 1 1 1 1 1 1 1 1 1 1 1 1 1
 1 1 1 1 1 1 1 1 1 1 1 1 1 1 1 1 1 1 1 1 1 1 1 1 1 1 1 1 1 1 1 1 1 1 1 1 1
 1 1 1 1 1 1 1 1 1 1 1 1 1 1 1 1 1 1 1 1 1 1 1 1 1 1 1 1 1 1 1 1 1 1 1 1 1
 1 1 1 1 1 1 1 1 1 1 1 1 1 1 1 1 1 1 1 1 1 1 1 1 1 1 1 1 1 1 1 1 1 1 1 1 1
 1 1 1 1 1 1 1 1 1 1 1 1 1 1 1 1 1 1 1 1 1 1 1 1 1 1 1 1 1 1 1 1 1 1 1 1 1
 1 1 1 1 1 1 1 1 1 1 1 1 1 1 1 1 1 1 1 1 1 1 1 1 1 1 1 1 1 1 1 1 1 1 1 1 1
 1 1 1 1 1 1 1 1 1 1 1 1 1 1 1 1 1 1 1 1 1 1 1 1 1 1 1 1 1 1 1 1 1 1 1 1 1
 1 1 1 1 1 1 1 1 1 1 1 1 1 1 1 1 1 1 1 1 1 1 1 1 1 1 1 1 1 1 1 1 1 1 1 1 1
 1 1 1 1 1 1 1 1 1 1 1 1 1 1 1 1 1 1 1 1 1 1 1 1 1 1 1 1 1 1 1 1 1 1 1 1 1
 1 1 1 1 1 1 1 1 1 1 1 1 1 1 1 1 1 1 1 1 1 1 1 1 1 1 1 1 1 1 1 1 1 1 1 1 1
 1 1 1 1 1 1 1 1 1 1 1 1 1 1 1 1 1 1 1 1 1 1 1 1 1 1 1 1 1 1 1 1 1 1 1 1 1
 1 1 1 1 1 1 1 1 1 1 1 1 1 1 1 1 1 1 1 1 1 1 1 1 1 1 1 1 1 1 1 1 1 1 1 1 1
 1 1 1 1 1 1 1 1 1 1 1 1 1 1 1 1 1 1 1 1 1 1 1 1 1 1 1 1 1 1 1 1 1 1 1 1 1
 1 1 1 1 1 1 1 1 1 1 1 1 1 1 1 1 1 1 1 1 1 1 1 1 1 1 1 1 1 1 1]"
18,"[  101  3584  6112  2555  1012  2149  1011  2430  2487  7327  1011  2430
  2487  7327  1011  2430  2487  1011  1037  7327  1011  2430  2487  1011
  1038  7327  1011  2430  2487  1011 12731  2015  1011  2430  2487  1011
  1037  2149  1011  2430  2487  1011  1038  2149  1011  2430  2487  1011
  1039  6236  3406 27896  1521 24501 18622 11916  2385  4183  2003  4276
  9073  2008  3164  2041 13923  7461  2035  7842  3022  5097  2770  2306
  2008  2555  1010  7539  1997  1996 21431 21296  2075  1996  4646  1012
  7233  1997  2256  2578  2089  2025  2022  2438  2000  9239  1996 15380
  1997  2115  5576  1012  1528  2951  7233  2057 21155  1996  9785 20057
 12326  2015  2000  4654  5669  4221  1996  7233  2832  1997  8013  2951
  1012  2122 20057 12326  2015  2097  2059  2022  3495  4991  2046  1037
  2047  7484  9785  2306  2151  2555  1998  4224  1997  1996  2168  6112
 10802  2006  1996  2168  9983  1998  3495  4987  2000  1037  2047 12256
  3995 18939  9324  1012 15929 16594  3128  6112  2578 11027  2015  1996
  2342  2000 16500  2030 26351  2151  2951  2076  7233  1010  4654  5669
 15402  1996  3452  2832  1012  2151  2060  2951  1010  2107  2004  4132
  9563  2951  1010  2003  8250  2306  1037 21025  2102 22409  1012  2023
  2592  2003 28024  2094  2444  2408  3674  2951  6401  1998  2003  2766
  3495  2046  1996  4397  2275  2039 28297  1012  1528  6502  7233  2035
  6502  4751  2024  3266  2083 14403 14192  1998 12808  2083 21025  2102
 16360 20049 29469  2229  1012  2122 14403 14192  6764  3499  2005  6879
  6494 14853  2035 12256  3995 18939  7484  6681  1010 13970  5677  7159
  2229 12906  1010 21274 17310 11140  2578  1010  1998  2035  2060  4219
  2083  1996  7781  1997  1037 14403 14192  5896  2114  1996  2047  6112
  2555  1012  2004  2112  1997  1996  3164 16437  1010 14403 14192 15480
  2024  8250  1999  1037 21025  2102 22409  2008  2003 28024  2094  2444
  2408  3674  2951  6401  1998 12808  1012  2151 24353  2015  2013  1996
 12398 22354  2008  2024  2734  2000  2448  2023  3327  4132  2024  7333
  3495  2000  1996  2047  2555  1012  1528  4646  7233  2320  2035  6502
  2003  9347  2098  1998  1996 20057 12326  2015  2024  4991  2000  7484
 23999  1010  1996  2832  1997 23658  1996  6236  3406 27896  1521 12702
  8043  7903  2229  4269  1012 21296  2075  1996 12702  8043  7903  2229
  4076  2019 12978  2832  2714  2000  1996  3115 25022  1013  3729 10813
  2005  2035  3431  1012  2076  1996  3115 25022  1013  3729  2832  1010
  1996 10813 12850  2015  1037  2275  1997 16254  6093  2013  1996  6236
  3406 27896 21025  2102 16360 20049 29469  2229  1012  2122 16254  6093
  5383  2035  4751  2006  2129  2000 21296  1037  3563 12702  8043  7903
  2063  2247  2007  6013  1011  3563 25169 11709  1012 23448  2122 16254
  6093  2950  1996  2206  1024  6236  3406 27896  1521 24501 18622 11916
 18225  1012  2311  8946  2121 16143  1016  1012  6016 16143  2000  8946
  2121 15584  1017  1012 21296  2075  8946  2121 16143  2000 13970  5677
  7159  2229  1018  1012  9530  8873 27390  2075 13970  5677  7159  2229
  1996  8946  2121 15584 10457  2039  2035   102]","[1 1 1 1 1 1 1 1 1 1 1 1 1 1 1 1 1 1 1 1 1 1 1 1 1 1 1 1 1 1 1 1 1 1 1 1 1
 1 1 1 1 1 1 1 1 1 1 1 1 1 1 1 1 1 1 1 1 1 1 1 1 1 1 1 1 1 1 1 1 1 1 1 1 1
 1 1 1 1 1 1 1 1 1 1 1 1 1 1 1 1 1 1 1 1 1 1 1 1 1 1 1 1 1 1 1 1 1 1 1 1 1
 1 1 1 1 1 1 1 1 1 1 1 1 1 1 1 1 1 1 1 1 1 1 1 1 1 1 1 1 1 1 1 1 1 1 1 1 1
 1 1 1 1 1 1 1 1 1 1 1 1 1 1 1 1 1 1 1 1 1 1 1 1 1 1 1 1 1 1 1 1 1 1 1 1 1
 1 1 1 1 1 1 1 1 1 1 1 1 1 1 1 1 1 1 1 1 1 1 1 1 1 1 1 1 1 1 1 1 1 1 1 1 1
 1 1 1 1 1 1 1 1 1 1 1 1 1 1 1 1 1 1 1 1 1 1 1 1 1 1 1 1 1 1 1 1 1 1 1 1 1
 1 1 1 1 1 1 1 1 1 1 1 1 1 1 1 1 1 1 1 1 1 1 1 1 1 1 1 1 1 1 1 1 1 1 1 1 1
 1 1 1 1 1 1 1 1 1 1 1 1 1 1 1 1 1 1 1 1 1 1 1 1 1 1 1 1 1 1 1 1 1 1 1 1 1
 1 1 1 1 1 1 1 1 1 1 1 1 1 1 1 1 1 1 1 1 1 1 1 1 1 1 1 1 1 1 1 1 1 1 1 1 1
 1 1 1 1 1 1 1 1 1 1 1 1 1 1 1 1 1 1 1 1 1 1 1 1 1 1 1 1 1 1 1 1 1 1 1 1 1
 1 1 1 1 1 1 1 1 1 1 1 1 1 1 1 1 1 1 1 1 1 1 1 1 1 1 1 1 1 1 1 1 1 1 1 1 1
 1 1 1 1 1 1 1 1 1 1 1 1 1 1 1 1 1 1 1 1 1 1 1 1 1 1 1 1 1 1 1 1 1 1 1 1 1
 1 1 1 1 1 1 1 1 1 1 1 1 1 1 1 1 1 1 1 1 1 1 1 1 1 1 1 1 1 1 1]"
19,"[  101  6236  3406 27896  1521  2490  3029  2003 16452 21121  2007  3811
 10571  2440  1011  2051  6145  2008  3073  2484  1013  1021  5043  4807
  1012  6236  3406 27896  1521  2490  3029  3640  2256  6304  2007  1037
  2309  2391  1997  3967  1998  4472  2035  1997  6236  3406 27896  1521
  3688  1012  2478  2190  1011  1997  1011  8843  6994  2075  1999  2019
  6377 16437  1997  2490  1010  5034  2063  1010  1998  3330  2780  1010
 12978  9499  2075  6194  1998  7904 20283  2024  8066  7699  3266  1012
  4722  2832  6210  1998  2832 19309  6994  2075  2024 10843  5301  2007
  4083  2015  2013  2296  5043  1012  2490  2578  2057  2024  4056  2000
  4346  2256  6304  2007  2035  1996  2490  2027  2342  2000 14570  2037
 17338 15810  3401  3289  1012  1999  1996  2553  1997  1037  2326 24191
  1010  6304  2064  8080  1996  3570  1997  2256  3688  3081  2256  3570
  3931  1012  2023  3931  2036  4473  5198  2000  4236  2005  4013 19620
 26828  1997 10444  2030 16627  2015  1999  2037  7972  9936  4655  1012
  2047  3314  2064  2022  2988  3081  2256  2490  9445  1010  2029 12468
  1996  5310  2000  5676  1996  2157  9686 25015  3508  2003  3202 13330
  1012  2043  3471  2024 11156  1999  3265  8192  7060  1997  1037 16713
  2083  6236  3406 27896  1521 12978  3570  8822  6194  1998  2006  1011
  2655  9963  2015  1010  1996  2490  2136  4013 19620  2135  6561  2041
  2000  1996  9686 25015  3508  3967  3024  2011  1996  8013  1012  2057
  6118 16755  2008  6304  5570 10651  2037  5057  3967  2592  2083  2037
  8013  3112  3208  1006 20116  2213  1007  1012  2004  2112  1997  2256
  3226  1997  7142  7620  1010  4722  5043  2695  1011 22294  6633  6295
  4148 10862  2000  3104  2832  1998  2974  4083  2015  1010  2029  5260
  2000  1037  7312  1997  2925 10444  1998  2582 24501 18622 11916  1012
  6236  3406 27896  1521 24501 18622 11916  2539  7874 20389  2121  1521
  1055  2535  2004  2007  2151  3024  4007  1010  2045  2024  2477  2008
  1996  8013  2064  2079  2000 21155  1998  5335  6236  3406 27896  1521
 24501 18622 11916  1024  1015  1012  3443  1998  5441  2019  7172  2862
  1997  2578  1998  3454  2008 11835  2007  6236  3406 27896  1998  1013
  2030  3784  6236  1012  1016  1012  3443  1998  5441  1037  2862  1997
 12530 15266  1012  1017  1012  7532  2007  1037  8013  2326  3208  1006
 20116  2213  1007  5570  1012  1018  1012  6254  1996  5292  1013  2852
  2838  1998 28699  2015  1997  2035  2578  1999  1996  5576  1012  1037
  1012  1041  2290  1012  1043 21906  1010 22091  2015  1010 24296  1010
  1998 12256  3995 18939  2031  2328  1011  1999  5292  1013  2852  3001
  1038  1012  2065  2019  6327  3945  2003  2109  1010  5646  1996 10802
  1521  1055  8246  1011  3647  2015  1998  2933 11914  1012  1039  1012
  2065  2019  6327 14255  2213  2003  2109  1040  1012  2065  6327 15365
  2024  2109  1041  1012  2065  6327 19575  2015  2024  2109  1042  1012
  2065  2045  2003  8346  2007  1037 13675  2213  1010  4385  1012  1043
  1012  2065 13553  2578  2013  1996  2392 10497  2024  2109  1019  1012
  2147  2007 20116  2213  1998  2658  2578   102]","[1 1 1 1 1 1 1 1 1 1 1 1 1 1 1 1 1 1 1 1 1 1 1 1 1 1 1 1 1 1 1 1 1 1 1 1 1
 1 1 1 1 1 1 1 1 1 1 1 1 1 1 1 1 1 1 1 1 1 1 1 1 1 1 1 1 1 1 1 1 1 1 1 1 1
 1 1 1 1 1 1 1 1 1 1 1 1 1 1 1 1 1 1 1 1 1 1 1 1 1 1 1 1 1 1 1 1 1 1 1 1 1
 1 1 1 1 1 1 1 1 1 1 1 1 1 1 1 1 1 1 1 1 1 1 1 1 1 1 1 1 1 1 1 1 1 1 1 1 1
 1 1 1 1 1 1 1 1 1 1 1 1 1 1 1 1 1 1 1 1 1 1 1 1 1 1 1 1 1 1 1 1 1 1 1 1 1
 1 1 1 1 1 1 1 1 1 1 1 1 1 1 1 1 1 1 1 1 1 1 1 1 1 1 1 1 1 1 1 1 1 1 1 1 1
 1 1 1 1 1 1 1 1 1 1 1 1 1 1 1 1 1 1 1 1 1 1 1 1 1 1 1 1 1 1 1 1 1 1 1 1 1
 1 1 1 1 1 1 1 1 1 1 1 1 1 1 1 1 1 1 1 1 1 1 1 1 1 1 1 1 1 1 1 1 1 1 1 1 1
 1 1 1 1 1 1 1 1 1 1 1 1 1 1 1 1 1 1 1 1 1 1 1 1 1 1 1 1 1 1 1 1 1 1 1 1 1
 1 1 1 1 1 1 1 1 1 1 1 1 1 1 1 1 1 1 1 1 1 1 1 1 1 1 1 1 1 1 1 1 1 1 1 1 1
 1 1 1 1 1 1 1 1 1 1 1 1 1 1 1 1 1 1 1 1 1 1 1 1 1 1 1 1 1 1 1 1 1 1 1 1 1
 1 1 1 1 1 1 1 1 1 1 1 1 1 1 1 1 1 1 1 1 1 1 1 1 1 1 1 1 1 1 1 1 1 1 1 1 1
 1 1 1 1 1 1 1 1 1 1 1 1 1 1 1 1 1 1 1 1 1 1 1 1 1 1 1 1 1 1 1 1 1 1 1 1 1
 1 1 1 1 1 1 1 1 1 1 1 1 1 1 1 1 1 1 1 1 1 1 1 1 1 1 1 1 1 1 1]"
20,"[  101  2488 17338 15810  3401 11103  2005  2017  1012  6236  3406 27896
  1521 24501 18622 11916  2538 29098 10497  7646  1037  1024 27068  5649
 11343 17928  2015  1998  4646  2951  2024 26651  1998 12285 15502  2135
  1010  4050  2649  1999  3408  1997  2039  7292  1012 14931  5761 11343
  2011  6016  3231 11186  2012  3180 14025  2005  1996  9416  4031  1012
 14931  3084  1996  3463  1997  2107 10903  2800  2012 16770  1024  1013
  1013  3570  1012  6236  3406 27896  1012  4012  1012  3161  1013  3161
  2048 12107  1997  1037  4007  4031  2770  2012  1996  2168  2051  1012
  1999  1996  2724  2008  2028  3632  2091  1010  4026  2003  8073 19578
  2000  1996  2060  6013  1012  2560  2825  6409  1012  3161  1013 13135
  2048 12107  1997  1037  4007  4031  1010  2028  2770  1998  1996  2060
 13135  2135  2039 16616  2012  4340  4297 28578 11187  1012  1999  1996
  2724  1997  2019  2041  4270  1010  1996 13135  6013  4627  2039  1998
  4026  2003 19578  2000  2009  1012  2951  2003  2783  2000  1996  2197
 26351  8093 10698  9276  2558  1012  2065  2008 26351  2001  2184  2781
  3188  2000  1996  2041  4270  1010  2059  2184  2781  2097  2022  2439
  1012  8013  2951 10200  1996  7552  1010  6976  1010  2030  2613  1011
  2051 10200  1997  1996  8013  1521  1055  2951  2029  2003  9578  1996
  5368  1997  1996  8013  1012  7071  7233  2019  3029  1005  1055  3754
  2000  6869  2000  1998  8980  2013  2019  2724  2008 19762 13531  2449
  3136  1012  2091  7292  1996  7017  1997  1996  3452  2051  2008  1996
  2326  2003  2025  2800  1012  2152 11343  1996  3754  1997  1037  2291
  2000  5452 10843  2302  4945  2005  1037  4351  2558  1997  2051  1012
 24501 18622 11916  1996  3754  1997  2019  4646  2000 10509  2000  3471
  1999  2028  1997  2049  6177  1998  2145  3073  1996  2190  2825  2326
  1012  1054  6873  7233  2391  7863  1012  1996  4555  3815  1997  2951
  1516  2004  7594  2011  2051  1516  2008  2064  2022  2439  2044  1037
  7233  2013  1037  7071  1012  6236  3406 27896  1521 24501 18622 11916
  2570  5339  2080  7233  2051  7863  1012  1996  9367  1997  2051  1998
  1037  2326  2504  2306  2029  1037  2449  2832  2442  2022  5854  2044
  1037  7071  1999  2344  2000  4468 21873  8465  3378  2007  1037  3338
  1999 13717  1012  2291 10200 10200  2015  2864  2011 14931  2006  1037
 15861  3978  2008  2024  2391  1011  1999  1011  2051 20057 12326  2015
  1997  1996  4132  1998  1996  8013  1521  1055  2951  1012  2039  7292
  7017  1997  1996  3452  2051  2008  1037  2326  2003  2770  1998  2800
  1006  4654  1012  5585  1012  1023  1003  1007  1012 22524  1038  1024
  4087  9991  2742  2096  2256  2578  2024  9174  2764  1010  2057  2079
  2031  2691  6627 20829  1012  2182  2003  2019  2742  6627  9991  2013
  2028  1997  2256  2578  1024  6112 10058  1043 21906  1013 22091  2015
 11661  1011  4032  4263 13970  5677  7159  2229  1006 23969  2015  2005
 22091  2015  1998  1043  3489  2005  1043 21906  1007  4730  4155 26743
  2448  7292  4044  1046  2615  2213  7809 12256  3995 18939 11568  4471
  2326 22091  2015  5490  2015  5604  7705   102]","[1 1 1 1 1 1 1 1 1 1 1 1 1 1 1 1 1 1 1 1 1 1 1 1 1 1 1 1 1 1 1 1 1 1 1 1 1
 1 1 1 1 1 1 1 1 1 1 1 1 1 1 1 1 1 1 1 1 1 1 1 1 1 1 1 1 1 1 1 1 1 1 1 1 1
 1 1 1 1 1 1 1 1 1 1 1 1 1 1 1 1 1 1 1 1 1 1 1 1 1 1 1 1 1 1 1 1 1 1 1 1 1
 1 1 1 1 1 1 1 1 1 1 1 1 1 1 1 1 1 1 1 1 1 1 1 1 1 1 1 1 1 1 1 1 1 1 1 1 1
 1 1 1 1 1 1 1 1 1 1 1 1 1 1 1 1 1 1 1 1 1 1 1 1 1 1 1 1 1 1 1 1 1 1 1 1 1
 1 1 1 1 1 1 1 1 1 1 1 1 1 1 1 1 1 1 1 1 1 1 1 1 1 1 1 1 1 1 1 1 1 1 1 1 1
 1 1 1 1 1 1 1 1 1 1 1 1 1 1 1 1 1 1 1 1 1 1 1 1 1 1 1 1 1 1 1 1 1 1 1 1 1
 1 1 1 1 1 1 1 1 1 1 1 1 1 1 1 1 1 1 1 1 1 1 1 1 1 1 1 1 1 1 1 1 1 1 1 1 1
 1 1 1 1 1 1 1 1 1 1 1 1 1 1 1 1 1 1 1 1 1 1 1 1 1 1 1 1 1 1 1 1 1 1 1 1 1
 1 1 1 1 1 1 1 1 1 1 1 1 1 1 1 1 1 1 1 1 1 1 1 1 1 1 1 1 1 1 1 1 1 1 1 1 1
 1 1 1 1 1 1 1 1 1 1 1 1 1 1 1 1 1 1 1 1 1 1 1 1 1 1 1 1 1 1 1 1 1 1 1 1 1
 1 1 1 1 1 1 1 1 1 1 1 1 1 1 1 1 1 1 1 1 1 1 1 1 1 1 1 1 1 1 1 1 1 1 1 1 1
 1 1 1 1 1 1 1 1 1 1 1 1 1 1 1 1 1 1 1 1 1 1 1 1 1 1 1 1 1 1 1 1 1 1 1 1 1
 1 1 1 1 1 1 1 1 1 1 1 1 1 1 1 1 1 1 1 1 1 1 1 1 1 1 1 1 1 1 1]"
21,"[  101  2007  1996 12943 15148  2000  7601  7103  2618  1998  2009 22139
  2006  1996  4875  1010 13590  2006  1998  2125  1011  2240  6833  1010
  3298  3020  6599  1010  1998  2925  6947  2037 17338 15810  3401  2449
  1012  2241  1999  7469  1010  2762  1010  2007  4822  1999  2885  1010
  4021  1010  1998  1996  2142  2163  1010  6236  3406 27896  2003 13048
  2135  4208  2006  2877  1037  2925  1997  5787  3238  6236 12020  1012
  2062  2592  2012  6236  3406 27896  1012  4012  1012  3967  2149  7469
  1011  4068  1011 27510  1011 10918  1011  7598  1011 10204  1011  2414
  1011 13083  1011  9296 13316  1011  4940  1011  5264  1011  8344  6236
  3406 27896  1521 24501 18622 11916  2484   102     0     0     0     0
     0     0     0     0     0     0     0     0     0     0     0     0
     0     0     0     0     0     0     0     0     0     0     0     0
     0     0     0     0     0     0     0     0     0     0     0     0
     0     0     0     0     0     0     0     0     0     0     0     0
     0     0     0     0     0     0     0     0     0     0     0     0
     0     0     0     0     0     0     0     0     0     0     0     0
     0     0     0     0     0     0     0     0     0     0     0     0
     0     0     0     0     0     0     0     0     0     0     0     0
     0     0     0     0     0     0     0     0     0     0     0     0
     0     0     0     0     0     0     0     0     0     0     0     0
     0     0     0     0     0     0     0     0     0     0     0     0
     0     0     0     0     0     0     0     0     0     0     0     0
     0     0     0     0     0     0     0     0     0     0     0     0
     0     0     0     0     0     0     0     0     0     0     0     0
     0     0     0     0     0     0     0     0     0     0     0     0
     0     0     0     0     0     0     0     0     0     0     0     0
     0     0     0     0     0     0     0     0     0     0     0     0
     0     0     0     0     0     0     0     0     0     0     0     0
     0     0     0     0     0     0     0     0     0     0     0     0
     0     0     0     0     0     0     0     0     0     0     0     0
     0     0     0     0     0     0     0     0     0     0     0     0
     0     0     0     0     0     0     0     0     0     0     0     0
     0     0     0     0     0     0     0     0     0     0     0     0
     0     0     0     0     0     0     0     0     0     0     0     0
     0     0     0     0     0     0     0     0     0     0     0     0
     0     0     0     0     0     0     0     0     0     0     0     0
     0     0     0     0     0     0     0     0     0     0     0     0
     0     0     0     0     0     0     0     0     0     0     0     0
     0     0     0     0     0     0     0     0     0     0     0     0
     0     0     0     0     0     0     0     0     0     0     0     0
     0     0     0     0     0     0     0     0     0     0     0     0
     0     0     0     0     0     0     0     0     0     0     0     0
     0     0     0     0     0     0     0     0]","[1 1 1 1 1 1 1 1 1 1 1 1 1 1 1 1 1 1 1 1 1 1 1 1 1 1 1 1 1 1 1 1 1 1 1 1 1
 1 1 1 1 1 1 1 1 1 1 1 1 1 1 1 1 1 1 1 1 1 1 1 1 1 1 1 1 1 1 1 1 1 1 1 1 1
 1 1 1 1 1 1 1 1 1 1 1 1 1 1 1 1 1 1 1 1 1 1 1 1 1 1 1 1 1 1 1 1 1 1 1 1 1
 1 1 1 1 1 0 0 0 0 0 0 0 0 0 0 0 0 0 0 0 0 0 0 0 0 0 0 0 0 0 0 0 0 0 0 0 0
 0 0 0 0 0 0 0 0 0 0 0 0 0 0 0 0 0 0 0 0 0 0 0 0 0 0 0 0 0 0 0 0 0 0 0 0 0
 0 0 0 0 0 0 0 0 0 0 0 0 0 0 0 0 0 0 0 0 0 0 0 0 0 0 0 0 0 0 0 0 0 0 0 0 0
 0 0 0 0 0 0 0 0 0 0 0 0 0 0 0 0 0 0 0 0 0 0 0 0 0 0 0 0 0 0 0 0 0 0 0 0 0
 0 0 0 0 0 0 0 0 0 0 0 0 0 0 0 0 0 0 0 0 0 0 0 0 0 0 0 0 0 0 0 0 0 0 0 0 0
 0 0 0 0 0 0 0 0 0 0 0 0 0 0 0 0 0 0 0 0 0 0 0 0 0 0 0 0 0 0 0 0 0 0 0 0 0
 0 0 0 0 0 0 0 0 0 0 0 0 0 0 0 0 0 0 0 0 0 0 0 0 0 0 0 0 0 0 0 0 0 0 0 0 0
 0 0 0 0 0 0 0 0 0 0 0 0 0 0 0 0 0 0 0 0 0 0 0 0 0 0 0 0 0 0 0 0 0 0 0 0 0
 0 0 0 0 0 0 0 0 0 0 0 0 0 0 0 0 0 0 0 0 0 0 0 0 0 0 0 0 0 0 0 0 0 0 0 0 0
 0 0 0 0 0 0 0 0 0 0 0 0 0 0 0 0 0 0 0 0 0 0 0 0 0 0 0 0 0 0 0 0 0 0 0 0 0
 0 0 0 0 0 0 0 0 0 0 0 0 0 0 0 0 0 0 0 0 0 0 0 0 0 0 0 0 0 0 0]"
